region,cell_type,run,experiment,gene_encoder,attention,loss_ptau,pca_components,avg_f1,avg_mse,avg_mae,dropout,weight_decay,lr,lambda_entropy,error
V1,Astrocytes,geFalse_attnTrue_huber_pca2_baseline,baseline,False,True,huber,2,0.26979166666666665,0.05977905455215356,0.1790070708763475,0.2,0.1,0.001,0.001,
V1,Astrocytes,geFalse_attnTrue_huber_pca2_higher_dropout,higher_dropout,False,True,huber,2,0.3614583333333333,0.10551853815041509,0.21695352722114572,0.4,0.1,0.001,0.001,
V1,Astrocytes,geFalse_attnTrue_huber_pca2_highest_dropout,highest_dropout,False,True,huber,2,0.19999999999999998,0.07656304995204094,0.22419059063152721,0.5,0.1,0.001,0.001,
V1,Astrocytes,geFalse_attnTrue_huber_pca2_higher_weight_decay,higher_weight_decay,False,True,huber,2,0.19166666666666665,0.05602358459477888,0.17615885213793567,0.2,0.5,0.001,0.001,
V1,Astrocytes,geFalse_attnTrue_huber_pca2_highest_weight_decay,highest_weight_decay,False,True,huber,2,0.4364583333333333,0.06318795412534645,0.1843180286620433,0.2,1.0,0.001,0.001,
V1,Astrocytes,geFalse_attnTrue_huber_pca2_lower_lr,lower_lr,False,True,huber,2,0.23645833333333333,0.055563558302560705,0.1742134188534692,0.2,0.1,0.0005,0.001,
V1,Astrocytes,geFalse_attnTrue_huber_pca2_lowest_lr,lowest_lr,False,True,huber,2,0.26249999999999996,0.029513350674738526,0.1431359169461454,0.2,0.1,0.0001,0.001,
V1,Astrocytes,geFalse_attnTrue_huber_pca2_higher_lambda_entropy,higher_lambda_entropy,False,True,huber,2,0.3833333333333333,0.19211655033047376,0.3810411926436548,0.2,0.1,0.001,0.01,
V1,Astrocytes,geFalse_attnTrue_huber_pca2_highest_lambda_entropy,highest_lambda_entropy,False,True,huber,2,0.3416666666666666,0.08453404997854819,0.25178542477078736,0.2,0.1,0.001,0.1,
V1,Astrocytes,geFalse_attnTrue_huber_pca2_dropout_wd,dropout_wd,False,True,huber,2,0.39166666666666666,0.07712877701451952,0.21658042802785835,0.4,0.5,0.001,0.001,
V1,Astrocytes,geFalse_attnTrue_huber_pca2_dropout_lr,dropout_lr,False,True,huber,2,0.21180555555555555,0.14861161401432227,0.3069045329854513,0.4,0.1,0.0005,0.001,
V1,Astrocytes,geFalse_attnTrue_huber_pca2_wd_lr,wd_lr,False,True,huber,2,0.28229166666666666,0.1195303928677689,0.22279295787060013,0.2,0.5,0.0005,0.001,
V1,Astrocytes,geFalse_attnTrue_huber_pca2_all_moderate,all_moderate,False,True,huber,2,0.21944444444444441,0.0943528606687418,0.264714861017031,0.4,0.5,0.0005,0.01,
V1,Astrocytes,geFalse_attnTrue_huber_pca2_all_strong,all_strong,False,True,huber,2,0.2761904761904762,0.13375286050383992,0.31290567220033455,0.5,1.0,0.0001,0.1,
V1,Astrocytes,geFalse_attnTrue_huber_pca4_baseline,baseline,False,True,huber,4,0.26631944444444444,0.04909321152885746,0.1477653025261437,0.2,0.1,0.001,0.001,
V1,Astrocytes,geFalse_attnTrue_huber_pca4_higher_dropout,higher_dropout,False,True,huber,4,0.23333333333333334,0.08057218768659015,0.19997036437659216,0.4,0.1,0.001,0.001,
V1,Astrocytes,geFalse_attnTrue_huber_pca4_highest_dropout,highest_dropout,False,True,huber,4,0.28229166666666666,0.010163955195859149,0.07368069301204135,0.5,0.1,0.001,0.001,
V1,Astrocytes,geFalse_attnTrue_huber_pca4_higher_weight_decay,higher_weight_decay,False,True,huber,4,0.2142361111111111,0.07895857265415426,0.20721453591249883,0.2,0.5,0.001,0.001,
V1,Astrocytes,geFalse_attnTrue_huber_pca4_highest_weight_decay,highest_weight_decay,False,True,huber,4,0.21006944444444445,0.16134217120719,0.35598421582987305,0.2,1.0,0.001,0.001,
V1,Astrocytes,geFalse_attnTrue_huber_pca4_lower_lr,lower_lr,False,True,huber,4,0.11249999999999999,0.06560109537615519,0.19241712525642168,0.2,0.1,0.0005,0.001,
V1,Astrocytes,geFalse_attnTrue_huber_pca4_lowest_lr,lowest_lr,False,True,huber,4,0.17916666666666667,0.13331691729817713,0.3051736340858042,0.2,0.1,0.0001,0.001,
V1,Astrocytes,geFalse_attnTrue_huber_pca4_higher_lambda_entropy,higher_lambda_entropy,False,True,huber,4,0.3928571428571428,0.10012161080578832,0.23604605513780066,0.2,0.1,0.001,0.01,
V1,Astrocytes,geFalse_attnTrue_huber_pca4_highest_lambda_entropy,highest_lambda_entropy,False,True,huber,4,0.23333333333333334,0.03661788210578529,0.13506791876473775,0.2,0.1,0.001,0.1,
V1,Astrocytes,geFalse_attnTrue_huber_pca4_dropout_wd,dropout_wd,False,True,huber,4,0.33958333333333335,0.0900031977062843,0.23092057408454517,0.4,0.5,0.001,0.001,
V1,Astrocytes,geFalse_attnTrue_huber_pca4_dropout_lr,dropout_lr,False,True,huber,4,0.12708333333333333,0.07690405555753992,0.2105874988483265,0.4,0.1,0.0005,0.001,
V1,Astrocytes,geFalse_attnTrue_huber_pca4_wd_lr,wd_lr,False,True,huber,4,0.25416666666666665,0.2030878536337133,0.38814698481777066,0.2,0.5,0.0005,0.001,
V1,Astrocytes,geFalse_attnTrue_huber_pca4_all_moderate,all_moderate,False,True,huber,4,0.19895833333333335,0.16510393581902993,0.32942644254459685,0.4,0.5,0.0005,0.01,
V1,Astrocytes,geFalse_attnTrue_huber_pca4_all_strong,all_strong,False,True,huber,4,0.17395833333333333,0.12179135904350927,0.2756325099229192,0.5,1.0,0.0001,0.1,
V1,Astrocytes,geFalse_attnTrue_huber_pca8_baseline,baseline,False,True,huber,8,0.33229166666666665,0.09891955240553396,0.22604560359225917,0.2,0.1,0.001,0.001,
V1,Astrocytes,geFalse_attnTrue_huber_pca8_higher_dropout,higher_dropout,False,True,huber,8,0.24375,0.09685872902037489,0.2358314033675318,0.4,0.1,0.001,0.001,
V1,Astrocytes,geFalse_attnTrue_huber_pca8_highest_dropout,highest_dropout,False,True,huber,8,0.359375,0.0732117504151879,0.19981628978469718,0.5,0.1,0.001,0.001,
V1,Astrocytes,geFalse_attnTrue_huber_pca8_higher_weight_decay,higher_weight_decay,False,True,huber,8,0.28125,0.07122203168865748,0.21791365762085962,0.2,0.5,0.001,0.001,
V1,Astrocytes,geFalse_attnTrue_huber_pca8_highest_weight_decay,highest_weight_decay,False,True,huber,8,0.40535714285714286,0.11353214007242698,0.2647280245825338,0.2,1.0,0.001,0.001,
V1,Astrocytes,geFalse_attnTrue_huber_pca8_lower_lr,lower_lr,False,True,huber,8,0.18958333333333333,0.07702525875891655,0.25627614941913635,0.2,0.1,0.0005,0.001,
V1,Astrocytes,geFalse_attnTrue_huber_pca8_lowest_lr,lowest_lr,False,True,huber,8,0.0875,0.19265473923800336,0.40659317300499725,0.2,0.1,0.0001,0.001,
V1,Astrocytes,geFalse_attnTrue_huber_pca8_higher_lambda_entropy,higher_lambda_entropy,False,True,huber,8,0.3833333333333333,0.03742586910166473,0.1433534293513124,0.2,0.1,0.001,0.01,
V1,Astrocytes,geFalse_attnTrue_huber_pca8_highest_lambda_entropy,highest_lambda_entropy,False,True,huber,8,0.24583333333333332,0.08943090544466922,0.22257579998889318,0.2,0.1,0.001,0.1,
V1,Astrocytes,geFalse_attnTrue_huber_pca8_dropout_wd,dropout_wd,False,True,huber,8,0.23194444444444445,0.09849951316175544,0.2579944238144284,0.4,0.5,0.001,0.001,
V1,Astrocytes,geFalse_attnTrue_huber_pca8_dropout_lr,dropout_lr,False,True,huber,8,0.17395833333333333,0.048279123578448296,0.17885035233727345,0.4,0.1,0.0005,0.001,
V1,Astrocytes,geFalse_attnTrue_huber_pca8_wd_lr,wd_lr,False,True,huber,8,0.08090277777777777,0.14068625384722142,0.3104567989939824,0.2,0.5,0.0005,0.001,
V1,Astrocytes,geFalse_attnTrue_huber_pca8_all_moderate,all_moderate,False,True,huber,8,0.32916666666666666,0.09888614153098814,0.23545491179296124,0.4,0.5,0.0005,0.01,
V1,Astrocytes,geFalse_attnTrue_huber_pca8_all_strong,all_strong,False,True,huber,8,0.1625,0.10107100353039185,0.2638376083147401,0.5,1.0,0.0001,0.1,
V1,Astrocytes,geFalse_attnTrue_huber_pca16_baseline,baseline,False,True,huber,16,0.153125,0.10462437507607943,0.2562490189059948,0.2,0.1,0.001,0.001,
V1,Astrocytes,geFalse_attnTrue_huber_pca16_higher_dropout,higher_dropout,False,True,huber,16,0.43333333333333335,0.06745841129195591,0.17524961261854816,0.4,0.1,0.001,0.001,
V1,Astrocytes,geFalse_attnTrue_huber_pca16_highest_dropout,highest_dropout,False,True,huber,16,0.27291666666666664,0.1831745561426817,0.3142174082264925,0.5,0.1,0.001,0.001,
V1,Astrocytes,geFalse_attnTrue_huber_pca16_higher_weight_decay,higher_weight_decay,False,True,huber,16,0.16249999999999998,0.136356299987262,0.31286464278430987,0.2,0.5,0.001,0.001,
V1,Astrocytes,geFalse_attnTrue_huber_pca16_highest_weight_decay,highest_weight_decay,False,True,huber,16,0.2928571428571428,0.10796563734463172,0.2727478576125577,0.2,1.0,0.001,0.001,
V1,Astrocytes,geFalse_attnTrue_huber_pca16_lower_lr,lower_lr,False,True,huber,16,0.23854166666666665,0.09967251692263313,0.2531343753216788,0.2,0.1,0.0005,0.001,
V1,Astrocytes,geFalse_attnTrue_huber_pca16_lowest_lr,lowest_lr,False,True,huber,16,0.12256944444444444,0.12063384700542172,0.2744794346314544,0.2,0.1,0.0001,0.001,
V1,Astrocytes,geFalse_attnTrue_huber_pca16_higher_lambda_entropy,higher_lambda_entropy,False,True,huber,16,0.3605654761904762,0.07416657554153996,0.19844292259464663,0.2,0.1,0.001,0.01,
V1,Astrocytes,geFalse_attnTrue_huber_pca16_highest_lambda_entropy,highest_lambda_entropy,False,True,huber,16,0.2736111111111111,0.02744413412395291,0.12217539265596619,0.2,0.1,0.001,0.1,
V1,Astrocytes,geFalse_attnTrue_huber_pca16_dropout_wd,dropout_wd,False,True,huber,16,0.25,0.11184269895420303,0.25707766922035563,0.4,0.5,0.001,0.001,
V1,Astrocytes,geFalse_attnTrue_huber_pca16_dropout_lr,dropout_lr,False,True,huber,16,0.15729166666666666,0.05023488427843964,0.1627966983554264,0.4,0.1,0.0005,0.001,
V1,Astrocytes,geFalse_attnTrue_huber_pca16_wd_lr,wd_lr,False,True,huber,16,0.12708333333333333,0.0701068535683661,0.18352423992473632,0.2,0.5,0.0005,0.001,
V1,Astrocytes,geFalse_attnTrue_huber_pca16_all_moderate,all_moderate,False,True,huber,16,0.15277777777777776,0.0388071800034882,0.14230409206356853,0.4,0.5,0.0005,0.01,
V1,Astrocytes,geFalse_attnTrue_huber_pca16_all_strong,all_strong,False,True,huber,16,0.0625,0.20201032541506955,0.39469568443018943,0.5,1.0,0.0001,0.1,
V1,Astrocytes,geFalse_attnTrue_mse_pca2_baseline,baseline,False,True,mse,2,0.2947916666666667,0.07626962715601414,0.21017254270069924,0.2,0.1,0.001,0.001,
V1,Astrocytes,geFalse_attnTrue_mse_pca2_higher_dropout,higher_dropout,False,True,mse,2,0.29583333333333334,0.03178792095085044,0.13291524851229042,0.4,0.1,0.001,0.001,
V1,Astrocytes,geFalse_attnTrue_mse_pca2_highest_dropout,highest_dropout,False,True,mse,2,0.25625,0.11004312820528075,0.2556796468561515,0.5,0.1,0.001,0.001,
V1,Astrocytes,geFalse_attnTrue_mse_pca2_higher_weight_decay,higher_weight_decay,False,True,mse,2,0.2958333333333333,0.0709774512967892,0.17292538568532714,0.2,0.5,0.001,0.001,
V1,Astrocytes,geFalse_attnTrue_mse_pca2_highest_weight_decay,highest_weight_decay,False,True,mse,2,0.24583333333333335,0.10701898799763629,0.24774929287377745,0.2,1.0,0.001,0.001,
V1,Astrocytes,geFalse_attnTrue_mse_pca2_lower_lr,lower_lr,False,True,mse,2,0.17569444444444446,0.07287674552215626,0.20868308240702996,0.2,0.1,0.0005,0.001,
V1,Astrocytes,geFalse_attnTrue_mse_pca2_lowest_lr,lowest_lr,False,True,mse,2,0.22708333333333333,0.08350399841663873,0.22600945213343948,0.2,0.1,0.0001,0.001,
V1,Astrocytes,geFalse_attnTrue_mse_pca2_higher_lambda_entropy,higher_lambda_entropy,False,True,mse,2,0.4,0.22328134780123216,0.2995146348063523,0.2,0.1,0.001,0.01,
V1,Astrocytes,geFalse_attnTrue_mse_pca2_highest_lambda_entropy,highest_lambda_entropy,False,True,mse,2,0.35,0.04047478298145706,0.12959169053162137,0.2,0.1,0.001,0.1,
V1,Astrocytes,geFalse_attnTrue_mse_pca2_dropout_wd,dropout_wd,False,True,mse,2,0.35416666666666663,0.08794408714073607,0.2376171884437402,0.4,0.5,0.001,0.001,
V1,Astrocytes,geFalse_attnTrue_mse_pca2_dropout_lr,dropout_lr,False,True,mse,2,0.2550099206349206,0.06358616000276375,0.21043097883618125,0.4,0.1,0.0005,0.001,
V1,Astrocytes,geFalse_attnTrue_mse_pca2_wd_lr,wd_lr,False,True,mse,2,0.18055555555555555,0.11482702182872725,0.26033576527455204,0.2,0.5,0.0005,0.001,
V1,Astrocytes,geFalse_attnTrue_mse_pca2_all_moderate,all_moderate,False,True,mse,2,0.16388888888888886,0.10223276103691117,0.22559197759255767,0.4,0.5,0.0005,0.01,
V1,Astrocytes,geFalse_attnTrue_mse_pca2_all_strong,all_strong,False,True,mse,2,0.09583333333333333,0.09662233734984896,0.266148179769516,0.5,1.0,0.0001,0.1,
V1,Astrocytes,geFalse_attnTrue_mse_pca4_baseline,baseline,False,True,mse,4,0.5260416666666667,0.03337176270222038,0.13562469646179426,0.2,0.1,0.001,0.001,
V1,Astrocytes,geFalse_attnTrue_mse_pca4_higher_dropout,higher_dropout,False,True,mse,4,0.246875,0.09286006221972913,0.2283900898958867,0.4,0.1,0.001,0.001,
V1,Astrocytes,geFalse_attnTrue_mse_pca4_highest_dropout,highest_dropout,False,True,mse,4,0.3041666666666667,0.09155841351690377,0.2393014393358802,0.5,0.1,0.001,0.001,
V1,Astrocytes,geFalse_attnTrue_mse_pca4_higher_weight_decay,higher_weight_decay,False,True,mse,4,0.25416666666666665,0.1777040626011293,0.3327123251510784,0.2,0.5,0.001,0.001,
V1,Astrocytes,geFalse_attnTrue_mse_pca4_highest_weight_decay,highest_weight_decay,False,True,mse,4,0.36666666666666664,0.1538029726597037,0.2876157686502362,0.2,1.0,0.001,0.001,
V1,Astrocytes,geFalse_attnTrue_mse_pca4_lower_lr,lower_lr,False,True,mse,4,0.3642361111111111,0.06738254501445379,0.19823459174949676,0.2,0.1,0.0005,0.001,
V1,Astrocytes,geFalse_attnTrue_mse_pca4_lowest_lr,lowest_lr,False,True,mse,4,0.05416666666666667,0.133708588338336,0.3135089843417518,0.2,0.1,0.0001,0.001,
V1,Astrocytes,geFalse_attnTrue_mse_pca4_higher_lambda_entropy,higher_lambda_entropy,False,True,mse,4,0.20833333333333331,0.05931091076254283,0.17338862704734007,0.2,0.1,0.001,0.01,
V1,Astrocytes,geFalse_attnTrue_mse_pca4_highest_lambda_entropy,highest_lambda_entropy,False,True,mse,4,0.2998015873015873,0.07626825258862183,0.17545119746743393,0.2,0.1,0.001,0.1,
V1,Astrocytes,geFalse_attnTrue_mse_pca4_dropout_wd,dropout_wd,False,True,mse,4,0.24062499999999998,0.03625010851751473,0.1259351015323773,0.4,0.5,0.001,0.001,
V1,Astrocytes,geFalse_attnTrue_mse_pca4_dropout_lr,dropout_lr,False,True,mse,4,0.22812499999999997,0.11792249428172541,0.27513451427997404,0.4,0.1,0.0005,0.001,
V1,Astrocytes,geFalse_attnTrue_mse_pca4_wd_lr,wd_lr,False,True,mse,4,0.11666666666666667,0.13094312564935556,0.2914581778847302,0.2,0.5,0.0005,0.001,
V1,Astrocytes,geFalse_attnTrue_mse_pca4_all_moderate,all_moderate,False,True,mse,4,0.3208333333333333,0.10717395472298052,0.2550146251839275,0.4,0.5,0.0005,0.01,
V1,Astrocytes,geFalse_attnTrue_mse_pca4_all_strong,all_strong,False,True,mse,4,0.2375,0.17673313632993137,0.33639366998492426,0.5,1.0,0.0001,0.1,
V1,Astrocytes,geFalse_attnTrue_mse_pca8_baseline,baseline,False,True,mse,8,0.4458333333333333,0.05015734866974951,0.17000539402943105,0.2,0.1,0.001,0.001,
V1,Astrocytes,geFalse_attnTrue_mse_pca8_higher_dropout,higher_dropout,False,True,mse,8,0.29791666666666666,0.042240681718600376,0.15769591597684968,0.4,0.1,0.001,0.001,
V1,Astrocytes,geFalse_attnTrue_mse_pca8_highest_dropout,highest_dropout,False,True,mse,8,0.22708333333333336,0.0693505359788156,0.20850914635229856,0.5,0.1,0.001,0.001,
V1,Astrocytes,geFalse_attnTrue_mse_pca8_higher_weight_decay,higher_weight_decay,False,True,mse,8,0.33749999999999997,0.1187675975150087,0.2618115626197929,0.2,0.5,0.001,0.001,
V1,Astrocytes,geFalse_attnTrue_mse_pca8_highest_weight_decay,highest_weight_decay,False,True,mse,8,0.29166666666666663,0.11077856706233055,0.21914676146116108,0.2,1.0,0.001,0.001,
V1,Astrocytes,geFalse_attnTrue_mse_pca8_lower_lr,lower_lr,False,True,mse,8,0.25833333333333336,0.06048577975976781,0.1974335628328845,0.2,0.1,0.0005,0.001,
V1,Astrocytes,geFalse_attnTrue_mse_pca8_lowest_lr,lowest_lr,False,True,mse,8,0.09895833333333333,0.2711454004146239,0.4258337513310835,0.2,0.1,0.0001,0.001,
V1,Astrocytes,geFalse_attnTrue_mse_pca8_higher_lambda_entropy,higher_lambda_entropy,False,True,mse,8,0.3125,0.10762981788849495,0.22901935568855455,0.2,0.1,0.001,0.01,
V1,Astrocytes,geFalse_attnTrue_mse_pca8_highest_lambda_entropy,highest_lambda_entropy,False,True,mse,8,0.3125,0.13755392493947757,0.2408127471183737,0.2,0.1,0.001,0.1,
V1,Astrocytes,geFalse_attnTrue_mse_pca8_dropout_wd,dropout_wd,False,True,mse,8,0.21666666666666667,0.04440979982114783,0.1692781644524075,0.4,0.5,0.001,0.001,
V1,Astrocytes,geFalse_attnTrue_mse_pca8_dropout_lr,dropout_lr,False,True,mse,8,0.18333333333333332,0.08988127045831872,0.19680757890455425,0.4,0.1,0.0005,0.001,
V1,Astrocytes,geFalse_attnTrue_mse_pca8_wd_lr,wd_lr,False,True,mse,8,0.2595238095238095,0.06413311861934723,0.21572399189850938,0.2,0.5,0.0005,0.001,
V1,Astrocytes,geFalse_attnTrue_mse_pca8_all_moderate,all_moderate,False,True,mse,8,0.20833333333333334,0.03561736059402825,0.15339294898634154,0.4,0.5,0.0005,0.01,
V1,Astrocytes,geFalse_attnTrue_mse_pca8_all_strong,all_strong,False,True,mse,8,0.025,0.16960590461196895,0.36641264997888356,0.5,1.0,0.0001,0.1,
V1,Astrocytes,geFalse_attnTrue_mse_pca16_baseline,baseline,False,True,mse,16,0.26145833333333335,0.025420755224284407,0.11084463990603884,0.2,0.1,0.001,0.001,
V1,Astrocytes,geFalse_attnTrue_mse_pca16_higher_dropout,higher_dropout,False,True,mse,16,0.29166666666666663,0.07982783088994196,0.2095796304056421,0.4,0.1,0.001,0.001,
V1,Astrocytes,geFalse_attnTrue_mse_pca16_highest_dropout,highest_dropout,False,True,mse,16,0.24583333333333335,0.011713131018893137,0.06822524347808212,0.5,0.1,0.001,0.001,
V1,Astrocytes,geFalse_attnTrue_mse_pca16_higher_weight_decay,higher_weight_decay,False,True,mse,16,0.3345238095238095,0.10942091030592846,0.2171910374502962,0.2,0.5,0.001,0.001,
V1,Astrocytes,geFalse_attnTrue_mse_pca16_highest_weight_decay,highest_weight_decay,False,True,mse,16,0.3136904761904762,0.1299877237932312,0.2601128153425331,0.2,1.0,0.001,0.001,
V1,Astrocytes,geFalse_attnTrue_mse_pca16_lower_lr,lower_lr,False,True,mse,16,0.31785714285714284,0.05130253683708774,0.17005826948055375,0.2,0.1,0.0005,0.001,
V1,Astrocytes,geFalse_attnTrue_mse_pca16_lowest_lr,lowest_lr,False,True,mse,16,0.12916666666666668,0.1459350553126283,0.3253290505381301,0.2,0.1,0.0001,0.001,
V1,Astrocytes,geFalse_attnTrue_mse_pca16_higher_lambda_entropy,higher_lambda_entropy,False,True,mse,16,0.3739583333333333,0.12119354702454108,0.27685326167071855,0.2,0.1,0.001,0.01,
V1,Astrocytes,geFalse_attnTrue_mse_pca16_highest_lambda_entropy,highest_lambda_entropy,False,True,mse,16,0.2875,0.07114603572826496,0.19976055610459298,0.2,0.1,0.001,0.1,
V1,Astrocytes,geFalse_attnTrue_mse_pca16_dropout_wd,dropout_wd,False,True,mse,16,0.25416666666666665,0.10004103065927819,0.19962969643529507,0.4,0.5,0.001,0.001,
V1,Astrocytes,geFalse_attnTrue_mse_pca16_dropout_lr,dropout_lr,False,True,mse,16,0.3041666666666667,0.12056191371620907,0.2842467964704459,0.4,0.1,0.0005,0.001,
V1,Astrocytes,geFalse_attnTrue_mse_pca16_wd_lr,wd_lr,False,True,mse,16,0.21875,0.14498241176622267,0.31652235138850904,0.2,0.5,0.0005,0.001,
V1,Astrocytes,geFalse_attnTrue_mse_pca16_all_moderate,all_moderate,False,True,mse,16,0.2520833333333333,0.1054856612343967,0.24353584402706474,0.4,0.5,0.0005,0.01,
V1,Astrocytes,geFalse_attnTrue_mse_pca16_all_strong,all_strong,False,True,mse,16,0.17083333333333334,0.11679941860394667,0.2633665003425752,0.5,1.0,0.0001,0.1,
V1,Astrocytes,geFalse_attnTrue_mae_pca2_baseline,baseline,False,True,mae,2,0.2791666666666667,0.04706794057564455,0.151818875883085,0.2,0.1,0.001,0.001,
V1,Astrocytes,geFalse_attnTrue_mae_pca2_higher_dropout,higher_dropout,False,True,mae,2,0.3125,0.1576502628639786,0.27058372052852064,0.4,0.1,0.001,0.001,
V1,Astrocytes,geFalse_attnTrue_mae_pca2_highest_dropout,highest_dropout,False,True,mae,2,0.32638888888888884,0.09183450915097313,0.25134952866937965,0.5,0.1,0.001,0.001,
V1,Astrocytes,geFalse_attnTrue_mae_pca2_higher_weight_decay,higher_weight_decay,False,True,mae,2,0.29965277777777777,0.045965362021540564,0.11868485703598708,0.2,0.5,0.001,0.001,
V1,Astrocytes,geFalse_attnTrue_mae_pca2_highest_weight_decay,highest_weight_decay,False,True,mae,2,0.3,0.14481635051831843,0.2799225734779611,0.2,1.0,0.001,0.001,
V1,Astrocytes,geFalse_attnTrue_mae_pca2_lower_lr,lower_lr,False,True,mae,2,0.19375,0.15427878267877349,0.2932738142941768,0.2,0.1,0.0005,0.001,
V1,Astrocytes,geFalse_attnTrue_mae_pca2_lowest_lr,lowest_lr,False,True,mae,2,0.16145833333333331,0.07927370370250272,0.23000598054689664,0.2,0.1,0.0001,0.001,
V1,Astrocytes,geFalse_attnTrue_mae_pca2_higher_lambda_entropy,higher_lambda_entropy,False,True,mae,2,0.2375,0.11630087272958904,0.2545458851770187,0.2,0.1,0.001,0.01,
V1,Astrocytes,geFalse_attnTrue_mae_pca2_highest_lambda_entropy,highest_lambda_entropy,False,True,mae,2,0.3375,0.04254892133692042,0.14068244696439552,0.2,0.1,0.001,0.1,
V1,Astrocytes,geFalse_attnTrue_mae_pca2_dropout_wd,dropout_wd,False,True,mae,2,0.265625,0.045491149915568095,0.1579671622797226,0.4,0.5,0.001,0.001,
V1,Astrocytes,geFalse_attnTrue_mae_pca2_dropout_lr,dropout_lr,False,True,mae,2,0.13958333333333334,0.175417514747805,0.2527619347674772,0.4,0.1,0.0005,0.001,
V1,Astrocytes,geFalse_attnTrue_mae_pca2_wd_lr,wd_lr,False,True,mae,2,0.2765376984126984,0.09668072651898746,0.25107014625488466,0.2,0.5,0.0005,0.001,
V1,Astrocytes,geFalse_attnTrue_mae_pca2_all_moderate,all_moderate,False,True,mae,2,0.23645833333333333,0.06872350437028278,0.18972500138139975,0.4,0.5,0.0005,0.01,
V1,Astrocytes,geFalse_attnTrue_mae_pca2_all_strong,all_strong,False,True,mae,2,0.11875,0.22252810942959297,0.3765614090564971,0.5,1.0,0.0001,0.1,
V1,Astrocytes,geFalse_attnTrue_mae_pca4_baseline,baseline,False,True,mae,4,0.4270833333333333,0.10383698151911101,0.20450539999486256,0.2,0.1,0.001,0.001,
V1,Astrocytes,geFalse_attnTrue_mae_pca4_higher_dropout,higher_dropout,False,True,mae,4,0.30833333333333335,0.07229874359262584,0.19851799980582047,0.4,0.1,0.001,0.001,
V1,Astrocytes,geFalse_attnTrue_mae_pca4_highest_dropout,highest_dropout,False,True,mae,4,0.2875,0.0666561182225262,0.17718001730584848,0.5,0.1,0.001,0.001,
V1,Astrocytes,geFalse_attnTrue_mae_pca4_higher_weight_decay,higher_weight_decay,False,True,mae,4,0.3001488095238095,0.02724410832508473,0.1106623166318362,0.2,0.5,0.001,0.001,
V1,Astrocytes,geFalse_attnTrue_mae_pca4_highest_weight_decay,highest_weight_decay,False,True,mae,4,0.3267361111111111,0.09557506957033249,0.24823954697543135,0.2,1.0,0.001,0.001,
V1,Astrocytes,geFalse_attnTrue_mae_pca4_lower_lr,lower_lr,False,True,mae,4,0.15416666666666667,0.09137561225987754,0.18795165718377876,0.2,0.1,0.0005,0.001,
V1,Astrocytes,geFalse_attnTrue_mae_pca4_lowest_lr,lowest_lr,False,True,mae,4,0.19166666666666665,0.10915274122361482,0.19204566030142206,0.2,0.1,0.0001,0.001,
V1,Astrocytes,geFalse_attnTrue_mae_pca4_higher_lambda_entropy,higher_lambda_entropy,False,True,mae,4,0.225,0.12958632423959146,0.29711713475019985,0.2,0.1,0.001,0.01,
V1,Astrocytes,geFalse_attnTrue_mae_pca4_highest_lambda_entropy,highest_lambda_entropy,False,True,mae,4,0.26840277777777777,0.059024734261348744,0.17170298444883278,0.2,0.1,0.001,0.1,
V1,Astrocytes,geFalse_attnTrue_mae_pca4_dropout_wd,dropout_wd,False,True,mae,4,0.3470238095238095,0.03605535160961273,0.10929646044193456,0.4,0.5,0.001,0.001,
V1,Astrocytes,geFalse_attnTrue_mae_pca4_dropout_lr,dropout_lr,False,True,mae,4,0.26666666666666666,0.15585747615894524,0.36278292365993065,0.4,0.1,0.0005,0.001,
V1,Astrocytes,geFalse_attnTrue_mae_pca4_wd_lr,wd_lr,False,True,mae,4,0.2597222222222222,0.0791575264550173,0.19365275899569195,0.2,0.5,0.0005,0.001,
V1,Astrocytes,geFalse_attnTrue_mae_pca4_all_moderate,all_moderate,False,True,mae,4,0.33333333333333337,0.10209882025309949,0.25258026260416955,0.4,0.5,0.0005,0.01,
V1,Astrocytes,geFalse_attnTrue_mae_pca4_all_strong,all_strong,False,True,mae,4,0.09166666666666666,0.21197421056378027,0.3990744035302972,0.5,1.0,0.0001,0.1,
V1,Astrocytes,geFalse_attnTrue_mae_pca8_baseline,baseline,False,True,mae,8,0.14756944444444445,0.09063950276512145,0.2334234103327617,0.2,0.1,0.001,0.001,
V1,Astrocytes,geFalse_attnTrue_mae_pca8_higher_dropout,higher_dropout,False,True,mae,8,0.2388888888888889,0.0838491618967606,0.22086526216783872,0.4,0.1,0.001,0.001,
V1,Astrocytes,geFalse_attnTrue_mae_pca8_highest_dropout,highest_dropout,False,True,mae,8,0.21249999999999997,0.06242810978306189,0.19582652444175136,0.5,0.1,0.001,0.001,
V1,Astrocytes,geFalse_attnTrue_mae_pca8_higher_weight_decay,higher_weight_decay,False,True,mae,8,0.3020833333333333,0.16771434749651515,0.2727689238187546,0.2,0.5,0.001,0.001,
V1,Astrocytes,geFalse_attnTrue_mae_pca8_highest_weight_decay,highest_weight_decay,False,True,mae,8,0.3136904761904762,0.02938460974271356,0.12478666469299544,0.2,1.0,0.001,0.001,
V1,Astrocytes,geFalse_attnTrue_mae_pca8_lower_lr,lower_lr,False,True,mae,8,0.19875992063492062,0.1913107472864214,0.32292346574831754,0.2,0.1,0.0005,0.001,
V1,Astrocytes,geFalse_attnTrue_mae_pca8_lowest_lr,lowest_lr,False,True,mae,8,0.15,0.07909027298868035,0.22637340244061005,0.2,0.1,0.0001,0.001,
V1,Astrocytes,geFalse_attnTrue_mae_pca8_higher_lambda_entropy,higher_lambda_entropy,False,True,mae,8,0.32361111111111107,0.08646418042977795,0.2438884819081674,0.2,0.1,0.001,0.01,
V1,Astrocytes,geFalse_attnTrue_mae_pca8_highest_lambda_entropy,highest_lambda_entropy,False,True,mae,8,0.33229166666666665,0.07633848986538155,0.1738220969370256,0.2,0.1,0.001,0.1,
V1,Astrocytes,geFalse_attnTrue_mae_pca8_dropout_wd,dropout_wd,False,True,mae,8,0.20416666666666666,0.12231356020460166,0.2761511302863558,0.4,0.5,0.001,0.001,
V1,Astrocytes,geFalse_attnTrue_mae_pca8_dropout_lr,dropout_lr,False,True,mae,8,0.13749999999999998,0.1102771360509738,0.2659507191080289,0.4,0.1,0.0005,0.001,
V1,Astrocytes,geFalse_attnTrue_mae_pca8_wd_lr,wd_lr,False,True,mae,8,0.23035714285714282,0.15742146686443437,0.32499237680652493,0.2,0.5,0.0005,0.001,
V1,Astrocytes,geFalse_attnTrue_mae_pca8_all_moderate,all_moderate,False,True,mae,8,0.23333333333333334,0.04288786685510311,0.15364882330565402,0.4,0.5,0.0005,0.01,
V1,Astrocytes,geFalse_attnTrue_mae_pca8_all_strong,all_strong,False,True,mae,8,0.05,0.16056940173529552,0.2991092319522674,0.5,1.0,0.0001,0.1,
V1,Astrocytes,geFalse_attnTrue_mae_pca16_baseline,baseline,False,True,mae,16,0.19166666666666665,0.20383551025382762,0.31456972305507713,0.2,0.1,0.001,0.001,
V1,Astrocytes,geFalse_attnTrue_mae_pca16_higher_dropout,higher_dropout,False,True,mae,16,0.2586805555555555,0.06552949309835976,0.18836952330699813,0.4,0.1,0.001,0.001,
V1,Astrocytes,geFalse_attnTrue_mae_pca16_highest_dropout,highest_dropout,False,True,mae,16,0.2938988095238095,0.02445436373705586,0.12696800741832703,0.5,0.1,0.001,0.001,
V1,Astrocytes,geFalse_attnTrue_mae_pca16_higher_weight_decay,higher_weight_decay,False,True,mae,16,0.2375,0.08846567254924222,0.19254297014170638,0.2,0.5,0.001,0.001,
V1,Astrocytes,geFalse_attnTrue_mae_pca16_highest_weight_decay,highest_weight_decay,False,True,mae,16,0.3345238095238095,0.06620683750157823,0.17826017500677455,0.2,1.0,0.001,0.001,
V1,Astrocytes,geFalse_attnTrue_mae_pca16_lower_lr,lower_lr,False,True,mae,16,0.2847222222222222,0.09187172100148933,0.23611245362553746,0.2,0.1,0.0005,0.001,
V1,Astrocytes,geFalse_attnTrue_mae_pca16_lowest_lr,lowest_lr,False,True,mae,16,0.10625,0.1607282778201648,0.2723458899417892,0.2,0.1,0.0001,0.001,
V1,Astrocytes,geFalse_attnTrue_mae_pca16_higher_lambda_entropy,higher_lambda_entropy,False,True,mae,16,0.17916666666666664,0.08393364518289016,0.22406105739840615,0.2,0.1,0.001,0.01,
V1,Astrocytes,geFalse_attnTrue_mae_pca16_highest_lambda_entropy,highest_lambda_entropy,False,True,mae,16,0.33958333333333335,0.0718334064642035,0.16118393104989082,0.2,0.1,0.001,0.1,
V1,Astrocytes,geFalse_attnTrue_mae_pca16_dropout_wd,dropout_wd,False,True,mae,16,0.253125,0.03512751626387246,0.1499027581497406,0.4,0.5,0.001,0.001,
V1,Astrocytes,geFalse_attnTrue_mae_pca16_dropout_lr,dropout_lr,False,True,mae,16,0.353125,0.08668363660513173,0.19946358147232485,0.4,0.1,0.0005,0.001,
V1,Astrocytes,geFalse_attnTrue_mae_pca16_wd_lr,wd_lr,False,True,mae,16,0.32619047619047614,0.08836961492546976,0.2111435803817585,0.2,0.5,0.0005,0.001,
V1,Astrocytes,geFalse_attnTrue_mae_pca16_all_moderate,all_moderate,False,True,mae,16,0.12083333333333332,0.1072594290411554,0.2658921992018198,0.4,0.5,0.0005,0.01,
V1,Astrocytes,geFalse_attnTrue_mae_pca16_all_strong,all_strong,False,True,mae,16,0.12916666666666665,0.11878373188535163,0.28963158671588946,0.5,1.0,0.0001,0.1,
V1,Astrocytes,geFalse_attnFalse_huber_pca2_baseline,baseline,False,False,huber,2,0.19895833333333335,0.13212482623127655,0.2642939363528664,0.2,0.1,0.001,0.001,
V1,Astrocytes,geFalse_attnFalse_huber_pca2_higher_dropout,higher_dropout,False,False,huber,2,0.12916666666666665,0.06496566480867283,0.2160647163982503,0.4,0.1,0.001,0.001,
V1,Astrocytes,geFalse_attnFalse_huber_pca2_highest_dropout,highest_dropout,False,False,huber,2,0.28194444444444444,0.07991405858292779,0.18978057937541357,0.5,0.1,0.001,0.001,
V1,Astrocytes,geFalse_attnFalse_huber_pca2_higher_weight_decay,higher_weight_decay,False,False,huber,2,0.25,0.07468213884793709,0.20055785662649822,0.2,0.5,0.001,0.001,
V1,Astrocytes,geFalse_attnFalse_huber_pca2_highest_weight_decay,highest_weight_decay,False,False,huber,2,0.32499999999999996,0.07519359604122003,0.19416488276328892,0.2,1.0,0.001,0.001,
V1,Astrocytes,geFalse_attnFalse_huber_pca2_lower_lr,lower_lr,False,False,huber,2,0.24355158730158727,0.06503892328907841,0.195614468655549,0.2,0.1,0.0005,0.001,
V1,Astrocytes,geFalse_attnFalse_huber_pca2_lowest_lr,lowest_lr,False,False,huber,2,0.06666666666666667,0.06950837409105441,0.2034487008252957,0.2,0.1,0.0001,0.001,
V1,Astrocytes,geFalse_attnFalse_huber_pca2_higher_lambda_entropy,higher_lambda_entropy,False,False,huber,2,0.2729166666666667,0.06508565820136014,0.19647054797193655,0.2,0.1,0.001,0.01,
V1,Astrocytes,geFalse_attnFalse_huber_pca2_highest_lambda_entropy,highest_lambda_entropy,False,False,huber,2,0.3657738095238095,0.10651270037395205,0.23724363625903302,0.2,0.1,0.001,0.1,
V1,Astrocytes,geFalse_attnFalse_huber_pca2_dropout_wd,dropout_wd,False,False,huber,2,0.31666666666666665,0.025189794792759124,0.12430652444406103,0.4,0.5,0.001,0.001,
V1,Astrocytes,geFalse_attnFalse_huber_pca2_dropout_lr,dropout_lr,False,False,huber,2,0.2020833333333333,0.11124683844607773,0.2514323194433624,0.4,0.1,0.0005,0.001,
V1,Astrocytes,geFalse_attnFalse_huber_pca2_wd_lr,wd_lr,False,False,huber,2,0.08333333333333333,0.1405009447939996,0.3025338353666787,0.2,0.5,0.0005,0.001,
V1,Astrocytes,geFalse_attnFalse_huber_pca2_all_moderate,all_moderate,False,False,huber,2,0.15833333333333333,0.20228306060660586,0.3451549001426126,0.4,0.5,0.0005,0.01,
V1,Astrocytes,geFalse_attnFalse_huber_pca2_all_strong,all_strong,False,False,huber,2,0.10625,0.131512541246337,0.27332046468897414,0.5,1.0,0.0001,0.1,
V1,Astrocytes,geFalse_attnFalse_huber_pca4_baseline,baseline,False,False,huber,4,0.24583333333333332,0.08816531278782702,0.2546260127564892,0.2,0.1,0.001,0.001,
V1,Astrocytes,geFalse_attnFalse_huber_pca4_higher_dropout,higher_dropout,False,False,huber,4,0.24375,0.10416559745749426,0.2759323298596428,0.4,0.1,0.001,0.001,
V1,Astrocytes,geFalse_attnFalse_huber_pca4_highest_dropout,highest_dropout,False,False,huber,4,0.2020833333333333,0.11017391504679343,0.23487326399966454,0.5,0.1,0.001,0.001,
V1,Astrocytes,geFalse_attnFalse_huber_pca4_higher_weight_decay,higher_weight_decay,False,False,huber,4,0.23750000000000002,0.04566310126554754,0.15447337727528065,0.2,0.5,0.001,0.001,
V1,Astrocytes,geFalse_attnFalse_huber_pca4_highest_weight_decay,highest_weight_decay,False,False,huber,4,0.3416666666666667,0.03567796583591957,0.14766397571656853,0.2,1.0,0.001,0.001,
V1,Astrocytes,geFalse_attnFalse_huber_pca4_lower_lr,lower_lr,False,False,huber,4,0.13923611111111112,0.08498484497920414,0.24457078283497444,0.2,0.1,0.0005,0.001,
V1,Astrocytes,geFalse_attnFalse_huber_pca4_lowest_lr,lowest_lr,False,False,huber,4,0.12916666666666665,0.15536675256682747,0.3321812182742481,0.2,0.1,0.0001,0.001,
V1,Astrocytes,geFalse_attnFalse_huber_pca4_higher_lambda_entropy,higher_lambda_entropy,False,False,huber,4,0.24861111111111112,0.06088839219111067,0.1761591751516486,0.2,0.1,0.001,0.01,
V1,Astrocytes,geFalse_attnFalse_huber_pca4_highest_lambda_entropy,highest_lambda_entropy,False,False,huber,4,0.3208333333333333,0.120246447354588,0.25577265105675906,0.2,0.1,0.001,0.1,
V1,Astrocytes,geFalse_attnFalse_huber_pca4_dropout_wd,dropout_wd,False,False,huber,4,0.30952380952380953,0.11332998282844514,0.2511665452038869,0.4,0.5,0.001,0.001,
V1,Astrocytes,geFalse_attnFalse_huber_pca4_dropout_lr,dropout_lr,False,False,huber,4,0.44687499999999997,0.053960522306319494,0.17574552163326493,0.4,0.1,0.0005,0.001,
V1,Astrocytes,geFalse_attnFalse_huber_pca4_wd_lr,wd_lr,False,False,huber,4,0.15312499999999998,0.06726531653671675,0.21036370645742863,0.2,0.5,0.0005,0.001,
V1,Astrocytes,geFalse_attnFalse_huber_pca4_all_moderate,all_moderate,False,False,huber,4,0.121875,0.1371986622510366,0.3235402499364379,0.4,0.5,0.0005,0.01,
V1,Astrocytes,geFalse_attnFalse_huber_pca4_all_strong,all_strong,False,False,huber,4,0.14166666666666666,0.15311197441372834,0.33734395762439817,0.5,1.0,0.0001,0.1,
V1,Astrocytes,geFalse_attnFalse_huber_pca8_baseline,baseline,False,False,huber,8,0.2708333333333333,0.07953018295127455,0.18428991614685702,0.2,0.1,0.001,0.001,
V1,Astrocytes,geFalse_attnFalse_huber_pca8_higher_dropout,higher_dropout,False,False,huber,8,0.3583333333333333,0.0724941773705357,0.177032281877473,0.4,0.1,0.001,0.001,
V1,Astrocytes,geFalse_attnFalse_huber_pca8_highest_dropout,highest_dropout,False,False,huber,8,0.16527777777777777,0.13255262408140644,0.2860723453341052,0.5,0.1,0.001,0.001,
V1,Astrocytes,geFalse_attnFalse_huber_pca8_higher_weight_decay,higher_weight_decay,False,False,huber,8,0.2375,0.12021609723218335,0.27500807717054465,0.2,0.5,0.001,0.001,
V1,Astrocytes,geFalse_attnFalse_huber_pca8_highest_weight_decay,highest_weight_decay,False,False,huber,8,0.2875,0.06912729307293086,0.20324631784266484,0.2,1.0,0.001,0.001,
V1,Astrocytes,geFalse_attnFalse_huber_pca8_lower_lr,lower_lr,False,False,huber,8,0.19166666666666665,0.11907921203322266,0.2599918575724587,0.2,0.1,0.0005,0.001,
V1,Astrocytes,geFalse_attnFalse_huber_pca8_lowest_lr,lowest_lr,False,False,huber,8,0.2572916666666667,0.08446871315796808,0.22941410976151624,0.2,0.1,0.0001,0.001,
V1,Astrocytes,geFalse_attnFalse_huber_pca8_higher_lambda_entropy,higher_lambda_entropy,False,False,huber,8,0.21666666666666665,0.02578323091382838,0.11110027138298999,0.2,0.1,0.001,0.01,
V1,Astrocytes,geFalse_attnFalse_huber_pca8_highest_lambda_entropy,highest_lambda_entropy,False,False,huber,8,0.24583333333333332,0.07951426495680217,0.19788325678867597,0.2,0.1,0.001,0.1,
V1,Astrocytes,geFalse_attnFalse_huber_pca8_dropout_wd,dropout_wd,False,False,huber,8,0.2375,0.1012438984543447,0.24035909325660518,0.4,0.5,0.001,0.001,
V1,Astrocytes,geFalse_attnFalse_huber_pca8_dropout_lr,dropout_lr,False,False,huber,8,0.21006944444444445,0.12656353021671193,0.28343324246816337,0.4,0.1,0.0005,0.001,
V1,Astrocytes,geFalse_attnFalse_huber_pca8_wd_lr,wd_lr,False,False,huber,8,0.15625,0.10098028496230696,0.27414822760814184,0.2,0.5,0.0005,0.001,
V1,Astrocytes,geFalse_attnFalse_huber_pca8_all_moderate,all_moderate,False,False,huber,8,0.3302083333333333,0.16857986280313492,0.3215069808453942,0.4,0.5,0.0005,0.01,
V1,Astrocytes,geFalse_attnFalse_huber_pca8_all_strong,all_strong,False,False,huber,8,0.12083333333333333,0.0702116490878277,0.22555319297437867,0.5,1.0,0.0001,0.1,
V1,Astrocytes,geFalse_attnFalse_huber_pca16_baseline,baseline,False,False,huber,16,0.3881944444444444,0.017803409250749774,0.09375649764357755,0.2,0.1,0.001,0.001,
V1,Astrocytes,geFalse_attnFalse_huber_pca16_higher_dropout,higher_dropout,False,False,huber,16,0.34791666666666665,0.15040329771798466,0.2970723673934117,0.4,0.1,0.001,0.001,
V1,Astrocytes,geFalse_attnFalse_huber_pca16_highest_dropout,highest_dropout,False,False,huber,16,0.18333333333333332,0.1523780649195723,0.3178522689947082,0.5,0.1,0.001,0.001,
V1,Astrocytes,geFalse_attnFalse_huber_pca16_higher_weight_decay,higher_weight_decay,False,False,huber,16,0.26319444444444445,0.037482651372777176,0.14258272065004954,0.2,0.5,0.001,0.001,
V1,Astrocytes,geFalse_attnFalse_huber_pca16_highest_weight_decay,highest_weight_decay,False,False,huber,16,0.3414682539682539,0.016707610620371252,0.09202865681921442,0.2,1.0,0.001,0.001,
V1,Astrocytes,geFalse_attnFalse_huber_pca16_lower_lr,lower_lr,False,False,huber,16,0.24007936507936506,0.17088723084913687,0.34625729999970645,0.2,0.1,0.0005,0.001,
V1,Astrocytes,geFalse_attnFalse_huber_pca16_lowest_lr,lowest_lr,False,False,huber,16,0.1532738095238095,0.10128775822829969,0.2611978250788525,0.2,0.1,0.0001,0.001,
V1,Astrocytes,geFalse_attnFalse_huber_pca16_higher_lambda_entropy,higher_lambda_entropy,False,False,huber,16,0.18333333333333335,0.04459274087543494,0.16847098979633301,0.2,0.1,0.001,0.01,
V1,Astrocytes,geFalse_attnFalse_huber_pca16_highest_lambda_entropy,highest_lambda_entropy,False,False,huber,16,0.40535714285714286,0.052640636671752256,0.1840957954603558,0.2,0.1,0.001,0.1,
V1,Astrocytes,geFalse_attnFalse_huber_pca16_dropout_wd,dropout_wd,False,False,huber,16,0.25,0.02505706847592333,0.10646026344814649,0.4,0.5,0.001,0.001,
V1,Astrocytes,geFalse_attnFalse_huber_pca16_dropout_lr,dropout_lr,False,False,huber,16,0.25625,0.12335122686517261,0.25399333091142273,0.4,0.1,0.0005,0.001,
V1,Astrocytes,geFalse_attnFalse_huber_pca16_wd_lr,wd_lr,False,False,huber,16,0.22916666666666669,0.16107785880756173,0.3436441203424086,0.2,0.5,0.0005,0.001,
V1,Astrocytes,geFalse_attnFalse_huber_pca16_all_moderate,all_moderate,False,False,huber,16,0.35,0.11336654310039182,0.26792068503952277,0.4,0.5,0.0005,0.01,
V1,Astrocytes,geFalse_attnFalse_huber_pca16_all_strong,all_strong,False,False,huber,16,0.1708333333333333,0.05564422852462762,0.20965885537831733,0.5,1.0,0.0001,0.1,
V1,Astrocytes,geFalse_attnFalse_mse_pca2_baseline,baseline,False,False,mse,2,0.32569444444444445,0.05149067576302355,0.16971454020434368,0.2,0.1,0.001,0.001,
V1,Astrocytes,geFalse_attnFalse_mse_pca2_higher_dropout,higher_dropout,False,False,mse,2,0.3881944444444444,0.022340829447671653,0.11488486100764325,0.4,0.1,0.001,0.001,
V1,Astrocytes,geFalse_attnFalse_mse_pca2_highest_dropout,highest_dropout,False,False,mse,2,0.26631944444444444,0.11643200709929764,0.22448297524048635,0.5,0.1,0.001,0.001,
V1,Astrocytes,geFalse_attnFalse_mse_pca2_higher_weight_decay,higher_weight_decay,False,False,mse,2,0.29791666666666666,0.058121434796339494,0.16766493577354896,0.2,0.5,0.001,0.001,
V1,Astrocytes,geFalse_attnFalse_mse_pca2_highest_weight_decay,highest_weight_decay,False,False,mse,2,0.26145833333333335,0.09051182247748013,0.21263645779496682,0.2,1.0,0.001,0.001,
V1,Astrocytes,geFalse_attnFalse_mse_pca2_lower_lr,lower_lr,False,False,mse,2,0.365625,0.029634393395700627,0.1211707255570218,0.2,0.1,0.0005,0.001,
V1,Astrocytes,geFalse_attnFalse_mse_pca2_lowest_lr,lowest_lr,False,False,mse,2,0.075,0.14916615777118036,0.3308949451699542,0.2,0.1,0.0001,0.001,
V1,Astrocytes,geFalse_attnFalse_mse_pca2_higher_lambda_entropy,higher_lambda_entropy,False,False,mse,2,0.23541666666666666,0.023267215993973238,0.11099392257165164,0.2,0.1,0.001,0.01,
V1,Astrocytes,geFalse_attnFalse_mse_pca2_highest_lambda_entropy,highest_lambda_entropy,False,False,mse,2,0.36875,0.0670565993199928,0.18177588443116593,0.2,0.1,0.001,0.1,
V1,Astrocytes,geFalse_attnFalse_mse_pca2_dropout_wd,dropout_wd,False,False,mse,2,0.2923611111111111,0.0845243347458857,0.21890755921291807,0.4,0.5,0.001,0.001,
V1,Astrocytes,geFalse_attnFalse_mse_pca2_dropout_lr,dropout_lr,False,False,mse,2,0.20833333333333334,0.07116212233514202,0.23907058069016784,0.4,0.1,0.0005,0.001,
V1,Astrocytes,geFalse_attnFalse_mse_pca2_wd_lr,wd_lr,False,False,mse,2,0.15,0.12699552891192703,0.294062089213791,0.2,0.5,0.0005,0.001,
V1,Astrocytes,geFalse_attnFalse_mse_pca2_all_moderate,all_moderate,False,False,mse,2,0.15833333333333333,0.10025363740043847,0.26258656960756827,0.4,0.5,0.0005,0.01,
V1,Astrocytes,geFalse_attnFalse_mse_pca2_all_strong,all_strong,False,False,mse,2,0.14583333333333334,0.15369554187903814,0.33740162775696564,0.5,1.0,0.0001,0.1,
V1,Astrocytes,geFalse_attnFalse_mse_pca4_baseline,baseline,False,False,mse,4,0.2715277777777778,0.12130999387203169,0.2744117358621831,0.2,0.1,0.001,0.001,
V1,Astrocytes,geFalse_attnFalse_mse_pca4_higher_dropout,higher_dropout,False,False,mse,4,0.2645833333333333,0.10015321930920973,0.25996013920909417,0.4,0.1,0.001,0.001,
V1,Astrocytes,geFalse_attnFalse_mse_pca4_highest_dropout,highest_dropout,False,False,mse,4,0.23194444444444445,0.06560157817515776,0.195710655185394,0.5,0.1,0.001,0.001,
V1,Astrocytes,geFalse_attnFalse_mse_pca4_higher_weight_decay,higher_weight_decay,False,False,mse,4,0.20625,0.10474204678910051,0.26415878670134896,0.2,0.5,0.001,0.001,
V1,Astrocytes,geFalse_attnFalse_mse_pca4_highest_weight_decay,highest_weight_decay,False,False,mse,4,0.3458333333333333,0.11080523097276593,0.26370540032318485,0.2,1.0,0.001,0.001,
V1,Astrocytes,geFalse_attnFalse_mse_pca4_lower_lr,lower_lr,False,False,mse,4,0.240625,0.06622307986565883,0.22127920796629041,0.2,0.1,0.0005,0.001,
V1,Astrocytes,geFalse_attnFalse_mse_pca4_lowest_lr,lowest_lr,False,False,mse,4,0.14166666666666666,0.09958586121163837,0.2626780209053929,0.2,0.1,0.0001,0.001,
V1,Astrocytes,geFalse_attnFalse_mse_pca4_higher_lambda_entropy,higher_lambda_entropy,False,False,mse,4,0.41527777777777775,0.06277345649172872,0.19347803012351505,0.2,0.1,0.001,0.01,
V1,Astrocytes,geFalse_attnFalse_mse_pca4_highest_lambda_entropy,highest_lambda_entropy,False,False,mse,4,0.45416666666666666,0.06847523744437928,0.20917550889619937,0.2,0.1,0.001,0.1,
V1,Astrocytes,geFalse_attnFalse_mse_pca4_dropout_wd,dropout_wd,False,False,mse,4,0.24374999999999997,0.02282844366179848,0.11492403268736476,0.4,0.5,0.001,0.001,
V1,Astrocytes,geFalse_attnFalse_mse_pca4_dropout_lr,dropout_lr,False,False,mse,4,0.1267361111111111,0.18410749677217195,0.3849001693306491,0.4,0.1,0.0005,0.001,
V1,Astrocytes,geFalse_attnFalse_mse_pca4_wd_lr,wd_lr,False,False,mse,4,0.26874999999999993,0.13331781533914622,0.2743118354507411,0.2,0.5,0.0005,0.001,
V1,Astrocytes,geFalse_attnFalse_mse_pca4_all_moderate,all_moderate,False,False,mse,4,0.14895833333333333,0.15731836186193354,0.36377979011740535,0.4,0.5,0.0005,0.01,
V1,Astrocytes,geFalse_attnFalse_mse_pca4_all_strong,all_strong,False,False,mse,4,0.04027777777777777,0.17319000956314634,0.3619136758691942,0.5,1.0,0.0001,0.1,
V1,Astrocytes,geFalse_attnFalse_mse_pca8_baseline,baseline,False,False,mse,8,0.2583333333333333,0.08580460637979302,0.20595197030343115,0.2,0.1,0.001,0.001,
V1,Astrocytes,geFalse_attnFalse_mse_pca8_higher_dropout,higher_dropout,False,False,mse,8,0.34181547619047614,0.04123076483277845,0.15979227898909204,0.4,0.1,0.001,0.001,
V1,Astrocytes,geFalse_attnFalse_mse_pca8_highest_dropout,highest_dropout,False,False,mse,8,0.20416666666666666,0.05237574538569362,0.1767163648813342,0.5,0.1,0.001,0.001,
V1,Astrocytes,geFalse_attnFalse_mse_pca8_higher_weight_decay,higher_weight_decay,False,False,mse,8,0.25,0.07095342707610085,0.21660531106560182,0.2,0.5,0.001,0.001,
V1,Astrocytes,geFalse_attnFalse_mse_pca8_highest_weight_decay,highest_weight_decay,False,False,mse,8,0.20416666666666666,0.07008244617827454,0.20895992642423758,0.2,1.0,0.001,0.001,
V1,Astrocytes,geFalse_attnFalse_mse_pca8_lower_lr,lower_lr,False,False,mse,8,0.24756944444444445,0.06779061638777212,0.17124729234880456,0.2,0.1,0.0005,0.001,
V1,Astrocytes,geFalse_attnFalse_mse_pca8_lowest_lr,lowest_lr,False,False,mse,8,0.0125,0.04536445808979356,0.17324883541247496,0.2,0.1,0.0001,0.001,
V1,Astrocytes,geFalse_attnFalse_mse_pca8_higher_lambda_entropy,higher_lambda_entropy,False,False,mse,8,0.3333333333333333,0.04355380495227236,0.1568008625957494,0.2,0.1,0.001,0.01,
V1,Astrocytes,geFalse_attnFalse_mse_pca8_highest_lambda_entropy,highest_lambda_entropy,False,False,mse,8,0.10729166666666667,0.04333311774116845,0.13530404792012027,0.2,0.1,0.001,0.1,
V1,Astrocytes,geFalse_attnFalse_mse_pca8_dropout_wd,dropout_wd,False,False,mse,8,0.24375000000000002,0.030350107269883634,0.1449994071153924,0.4,0.5,0.001,0.001,
V1,Astrocytes,geFalse_attnFalse_mse_pca8_dropout_lr,dropout_lr,False,False,mse,8,0.26249999999999996,0.10624539125773208,0.2382163868363326,0.4,0.1,0.0005,0.001,
V1,Astrocytes,geFalse_attnFalse_mse_pca8_wd_lr,wd_lr,False,False,mse,8,0.09444444444444444,0.14483162473360517,0.3459294505106906,0.2,0.5,0.0005,0.001,
V1,Astrocytes,geFalse_attnFalse_mse_pca8_all_moderate,all_moderate,False,False,mse,8,0.20416666666666666,0.14055225713095348,0.28739595417088515,0.4,0.5,0.0005,0.01,
V1,Astrocytes,geFalse_attnFalse_mse_pca8_all_strong,all_strong,False,False,mse,8,0.11666666666666667,0.13126521339921768,0.27297793534429127,0.5,1.0,0.0001,0.1,
V1,Astrocytes,geFalse_attnFalse_mse_pca16_baseline,baseline,False,False,mse,16,0.31875,0.07493417900287093,0.18655309007347873,0.2,0.1,0.001,0.001,
V1,Astrocytes,geFalse_attnFalse_mse_pca16_higher_dropout,higher_dropout,False,False,mse,16,0.24166666666666667,0.09544061668156463,0.26629100037583464,0.4,0.1,0.001,0.001,
V1,Astrocytes,geFalse_attnFalse_mse_pca16_highest_dropout,highest_dropout,False,False,mse,16,0.24444444444444446,0.06564783029744958,0.20046678856791308,0.5,0.1,0.001,0.001,
V1,Astrocytes,geFalse_attnFalse_mse_pca16_higher_weight_decay,higher_weight_decay,False,False,mse,16,0.2609126984126984,0.0828711977120254,0.21953894442413002,0.2,0.5,0.001,0.001,
V1,Astrocytes,geFalse_attnFalse_mse_pca16_highest_weight_decay,highest_weight_decay,False,False,mse,16,0.1875,0.04168192154649522,0.15627102154151848,0.2,1.0,0.001,0.001,
V1,Astrocytes,geFalse_attnFalse_mse_pca16_lower_lr,lower_lr,False,False,mse,16,0.26230158730158726,0.19950402299051112,0.3533195419004187,0.2,0.1,0.0005,0.001,
V1,Astrocytes,geFalse_attnFalse_mse_pca16_lowest_lr,lowest_lr,False,False,mse,16,0.13333333333333333,0.1565148710456529,0.2817574435612187,0.2,0.1,0.0001,0.001,
V1,Astrocytes,geFalse_attnFalse_mse_pca16_higher_lambda_entropy,higher_lambda_entropy,False,False,mse,16,0.21875,0.09067336752991384,0.2208086842438206,0.2,0.1,0.001,0.01,
V1,Astrocytes,geFalse_attnFalse_mse_pca16_highest_lambda_entropy,highest_lambda_entropy,False,False,mse,16,0.36666666666666664,0.04638028741014892,0.14962885773275048,0.2,0.1,0.001,0.1,
V1,Astrocytes,geFalse_attnFalse_mse_pca16_dropout_wd,dropout_wd,False,False,mse,16,0.1611111111111111,0.11397175312169022,0.2165220492752269,0.4,0.5,0.001,0.001,
V1,Astrocytes,geFalse_attnFalse_mse_pca16_dropout_lr,dropout_lr,False,False,mse,16,0.3020833333333333,0.06541262749320195,0.20480141606337082,0.4,0.1,0.0005,0.001,
V1,Astrocytes,geFalse_attnFalse_mse_pca16_wd_lr,wd_lr,False,False,mse,16,0.15,0.07467139671169115,0.22839131862080347,0.2,0.5,0.0005,0.001,
V1,Astrocytes,geFalse_attnFalse_mse_pca16_all_moderate,all_moderate,False,False,mse,16,0.2011904761904762,0.16837232322692453,0.34271505075351644,0.4,0.5,0.0005,0.01,
V1,Astrocytes,geFalse_attnFalse_mse_pca16_all_strong,all_strong,False,False,mse,16,0.09583333333333333,0.18642110854146557,0.3774924530104424,0.5,1.0,0.0001,0.1,
V1,Astrocytes,geFalse_attnFalse_mae_pca2_baseline,baseline,False,False,mae,2,0.35,0.07307992041852242,0.1987538446749871,0.2,0.1,0.001,0.001,
V1,Astrocytes,geFalse_attnFalse_mae_pca2_higher_dropout,higher_dropout,False,False,mae,2,0.29583333333333334,0.0533980842160352,0.1613407067488879,0.4,0.1,0.001,0.001,
V1,Astrocytes,geFalse_attnFalse_mae_pca2_highest_dropout,highest_dropout,False,False,mae,2,0.28194444444444444,0.04096380182548893,0.14762267520806444,0.5,0.1,0.001,0.001,
V1,Astrocytes,geFalse_attnFalse_mae_pca2_higher_weight_decay,higher_weight_decay,False,False,mae,2,0.30104166666666665,0.09685496688990806,0.19812457655401278,0.2,0.5,0.001,0.001,
V1,Astrocytes,geFalse_attnFalse_mae_pca2_highest_weight_decay,highest_weight_decay,False,False,mae,2,0.25416666666666665,0.04897407613473036,0.14869017064726603,0.2,1.0,0.001,0.001,
V1,Astrocytes,geFalse_attnFalse_mae_pca2_lower_lr,lower_lr,False,False,mae,2,0.15694444444444444,0.06436025593185529,0.19430765269013744,0.2,0.1,0.0005,0.001,
V1,Astrocytes,geFalse_attnFalse_mae_pca2_lowest_lr,lowest_lr,False,False,mae,2,0.18333333333333332,0.15166233434908338,0.31693490016429376,0.2,0.1,0.0001,0.001,
V1,Astrocytes,geFalse_attnFalse_mae_pca2_higher_lambda_entropy,higher_lambda_entropy,False,False,mae,2,0.39131944444444444,0.08453877167566645,0.21379889838863164,0.2,0.1,0.001,0.01,
V1,Astrocytes,geFalse_attnFalse_mae_pca2_highest_lambda_entropy,highest_lambda_entropy,False,False,mae,2,0.23958333333333331,0.04623923877840309,0.14611844318763664,0.2,0.1,0.001,0.1,
V1,Astrocytes,geFalse_attnFalse_mae_pca2_dropout_wd,dropout_wd,False,False,mae,2,0.2361111111111111,0.0720372037523787,0.20915289071854204,0.4,0.5,0.001,0.001,
V1,Astrocytes,geFalse_attnFalse_mae_pca2_dropout_lr,dropout_lr,False,False,mae,2,0.4739583333333333,0.061977440715129936,0.13958762768500796,0.4,0.1,0.0005,0.001,
V1,Astrocytes,geFalse_attnFalse_mae_pca2_wd_lr,wd_lr,False,False,mae,2,0.25625,0.057983680639253216,0.19665080079964053,0.2,0.5,0.0005,0.001,
V1,Astrocytes,geFalse_attnFalse_mae_pca2_all_moderate,all_moderate,False,False,mae,2,0.28869047619047616,0.14867841707116286,0.2744220366002992,0.4,0.5,0.0005,0.01,
V1,Astrocytes,geFalse_attnFalse_mae_pca2_all_strong,all_strong,False,False,mae,2,0.0767361111111111,0.09232357354066842,0.24359637184534222,0.5,1.0,0.0001,0.1,
V1,Astrocytes,geFalse_attnFalse_mae_pca4_baseline,baseline,False,False,mae,4,0.2947916666666667,0.05110248894411854,0.1508587839004273,0.2,0.1,0.001,0.001,
V1,Astrocytes,geFalse_attnFalse_mae_pca4_higher_dropout,higher_dropout,False,False,mae,4,0.24375,0.11144267254553698,0.21102607234691578,0.4,0.1,0.001,0.001,
V1,Astrocytes,geFalse_attnFalse_mae_pca4_highest_dropout,highest_dropout,False,False,mae,4,0.2756944444444444,0.09721415156815363,0.22665025243380416,0.5,0.1,0.001,0.001,
V1,Astrocytes,geFalse_attnFalse_mae_pca4_higher_weight_decay,higher_weight_decay,False,False,mae,4,0.303125,0.04160897219956859,0.1289336821452404,0.2,0.5,0.001,0.001,
V1,Astrocytes,geFalse_attnFalse_mae_pca4_highest_weight_decay,highest_weight_decay,False,False,mae,4,0.23958333333333331,0.09959260249218344,0.2393275018548593,0.2,1.0,0.001,0.001,
V1,Astrocytes,geFalse_attnFalse_mae_pca4_lower_lr,lower_lr,False,False,mae,4,0.19791666666666666,0.14862467974291912,0.3111758826998994,0.2,0.1,0.0005,0.001,
V1,Astrocytes,geFalse_attnFalse_mae_pca4_lowest_lr,lowest_lr,False,False,mae,4,0.1,0.1319796567549629,0.2895632980701824,0.2,0.1,0.0001,0.001,
V1,Astrocytes,geFalse_attnFalse_mae_pca4_higher_lambda_entropy,higher_lambda_entropy,False,False,mae,4,0.22256944444444443,0.07224953106921438,0.18630650468791524,0.2,0.1,0.001,0.01,
V1,Astrocytes,geFalse_attnFalse_mae_pca4_highest_lambda_entropy,highest_lambda_entropy,False,False,mae,4,0.29236111111111107,0.0357896118326953,0.13636392009599754,0.2,0.1,0.001,0.1,
V1,Astrocytes,geFalse_attnFalse_mae_pca4_dropout_wd,dropout_wd,False,False,mae,4,0.23333333333333334,0.020855646697010673,0.10178069199901074,0.4,0.5,0.001,0.001,
V1,Astrocytes,geFalse_attnFalse_mae_pca4_dropout_lr,dropout_lr,False,False,mae,4,0.3298611111111111,0.1171208880627676,0.2587031197035685,0.4,0.1,0.0005,0.001,
V1,Astrocytes,geFalse_attnFalse_mae_pca4_wd_lr,wd_lr,False,False,mae,4,0.3625,0.05370811373694443,0.18009968742262572,0.2,0.5,0.0005,0.001,
V1,Astrocytes,geFalse_attnFalse_mae_pca4_all_moderate,all_moderate,False,False,mae,4,0.20833333333333331,0.05738939044569319,0.14736772635175538,0.4,0.5,0.0005,0.01,
V1,Astrocytes,geFalse_attnFalse_mae_pca4_all_strong,all_strong,False,False,mae,4,0.22083333333333333,0.07475016768535381,0.22511282572910812,0.5,1.0,0.0001,0.1,
V1,Astrocytes,geFalse_attnFalse_mae_pca8_baseline,baseline,False,False,mae,8,0.171875,0.040001803189754014,0.15253188480467847,0.2,0.1,0.001,0.001,
V1,Astrocytes,geFalse_attnFalse_mae_pca8_higher_dropout,higher_dropout,False,False,mae,8,0.2520833333333333,0.19232691721095713,0.37696210213471204,0.4,0.1,0.001,0.001,
V1,Astrocytes,geFalse_attnFalse_mae_pca8_highest_dropout,highest_dropout,False,False,mae,8,0.08333333333333333,0.1211652060040313,0.25905534481474507,0.5,0.1,0.001,0.001,
V1,Astrocytes,geFalse_attnFalse_mae_pca8_higher_weight_decay,higher_weight_decay,False,False,mae,8,0.3136904761904762,0.018376707165320836,0.09971897804643959,0.2,0.5,0.001,0.001,
V1,Astrocytes,geFalse_attnFalse_mae_pca8_highest_weight_decay,highest_weight_decay,False,False,mae,8,0.2791666666666667,0.07973977479636217,0.16647101965888092,0.2,1.0,0.001,0.001,
V1,Astrocytes,geFalse_attnFalse_mae_pca8_lower_lr,lower_lr,False,False,mae,8,0.2,0.14648887873885572,0.3332379492931068,0.2,0.1,0.0005,0.001,
V1,Astrocytes,geFalse_attnFalse_mae_pca8_lowest_lr,lowest_lr,False,False,mae,8,0.2375,0.23993406189806266,0.3779655853674437,0.2,0.1,0.0001,0.001,
V1,Astrocytes,geFalse_attnFalse_mae_pca8_higher_lambda_entropy,higher_lambda_entropy,False,False,mae,8,0.38125,0.1003202789813545,0.24833457385345054,0.2,0.1,0.001,0.01,
V1,Astrocytes,geFalse_attnFalse_mae_pca8_highest_lambda_entropy,highest_lambda_entropy,False,False,mae,8,0.21770833333333334,0.15730193438662488,0.3403818825026974,0.2,0.1,0.001,0.1,
V1,Astrocytes,geFalse_attnFalse_mae_pca8_dropout_wd,dropout_wd,False,False,mae,8,0.2791666666666667,0.05488132959966771,0.19497409230098128,0.4,0.5,0.001,0.001,
V1,Astrocytes,geFalse_attnFalse_mae_pca8_dropout_lr,dropout_lr,False,False,mae,8,0.3173611111111111,0.09614405672775309,0.25234313134569675,0.4,0.1,0.0005,0.001,
V1,Astrocytes,geFalse_attnFalse_mae_pca8_wd_lr,wd_lr,False,False,mae,8,0.23333333333333334,0.09414966266726822,0.2428658474624778,0.2,0.5,0.0005,0.001,
V1,Astrocytes,geFalse_attnFalse_mae_pca8_all_moderate,all_moderate,False,False,mae,8,0.11666666666666667,0.06274652739821779,0.19409802264999598,0.4,0.5,0.0005,0.01,
V1,Astrocytes,geFalse_attnFalse_mae_pca8_all_strong,all_strong,False,False,mae,8,0.1331349206349206,0.215271137500728,0.36090866518982995,0.5,1.0,0.0001,0.1,
V1,Astrocytes,geFalse_attnFalse_mae_pca16_baseline,baseline,False,False,mae,16,0.3298611111111111,0.1130150200914239,0.21410709506987285,0.2,0.1,0.001,0.001,
V1,Astrocytes,geFalse_attnFalse_mae_pca16_higher_dropout,higher_dropout,False,False,mae,16,0.39999999999999997,0.037122086063475085,0.11470891546923667,0.4,0.1,0.001,0.001,
V1,Astrocytes,geFalse_attnFalse_mae_pca16_highest_dropout,highest_dropout,False,False,mae,16,0.2845238095238095,0.057952730714312756,0.18731841541981947,0.5,0.1,0.001,0.001,
V1,Astrocytes,geFalse_attnFalse_mae_pca16_higher_weight_decay,higher_weight_decay,False,False,mae,16,0.21458333333333332,0.06330379142913582,0.16817100109377256,0.2,0.5,0.001,0.001,
V1,Astrocytes,geFalse_attnFalse_mae_pca16_highest_weight_decay,highest_weight_decay,False,False,mae,16,0.26458333333333334,0.031615014431339614,0.11031703088277331,0.2,1.0,0.001,0.001,
V1,Astrocytes,geFalse_attnFalse_mae_pca16_lower_lr,lower_lr,False,False,mae,16,0.1958333333333333,0.11825140228936716,0.2609901804244146,0.2,0.1,0.0005,0.001,
V1,Astrocytes,geFalse_attnFalse_mae_pca16_lowest_lr,lowest_lr,False,False,mae,16,0.08333333333333333,0.11915840601248479,0.30393232075342286,0.2,0.1,0.0001,0.001,
V1,Astrocytes,geFalse_attnFalse_mae_pca16_higher_lambda_entropy,higher_lambda_entropy,False,False,mae,16,0.225,0.04470234897029232,0.1320960515877232,0.2,0.1,0.001,0.01,
V1,Astrocytes,geFalse_attnFalse_mae_pca16_highest_lambda_entropy,highest_lambda_entropy,False,False,mae,16,0.36944444444444446,0.08282167604849364,0.2591366273118183,0.2,0.1,0.001,0.1,
V1,Astrocytes,geFalse_attnFalse_mae_pca16_dropout_wd,dropout_wd,False,False,mae,16,0.29583333333333334,0.061325219240892265,0.1970161449086542,0.4,0.5,0.001,0.001,
V1,Astrocytes,geFalse_attnFalse_mae_pca16_dropout_lr,dropout_lr,False,False,mae,16,0.225,0.04383370798857711,0.16040512720549788,0.4,0.1,0.0005,0.001,
V1,Astrocytes,geFalse_attnFalse_mae_pca16_wd_lr,wd_lr,False,False,mae,16,0.13194444444444445,0.13919916183513298,0.3249350021360442,0.2,0.5,0.0005,0.001,
V1,Astrocytes,geFalse_attnFalse_mae_pca16_all_moderate,all_moderate,False,False,mae,16,0.13749999999999998,0.11471512057582159,0.28860794539408136,0.4,0.5,0.0005,0.01,
V1,Astrocytes,geFalse_attnFalse_mae_pca16_all_strong,all_strong,False,False,mae,16,0.037500000000000006,0.19047518515879855,0.3498389037558809,0.5,1.0,0.0001,0.1,
V1,Astrocytes,geTrue_attnFalse_huber_pca2_baseline,baseline,True,False,huber,2,0.35624999999999996,0.31791679356070945,0.24373971899816146,0.2,0.1,0.001,0.001,
V1,Astrocytes,geTrue_attnFalse_huber_pca2_higher_dropout,higher_dropout,True,False,huber,2,0.24305555555555552,0.08954943955722666,0.1856449267749364,0.4,0.1,0.001,0.001,
V1,Astrocytes,geTrue_attnFalse_huber_pca2_highest_dropout,highest_dropout,True,False,huber,2,0.39826388888888886,0.37417569009647683,0.19755675282794982,0.5,0.1,0.001,0.001,
V1,Astrocytes,geTrue_attnFalse_huber_pca2_higher_weight_decay,higher_weight_decay,True,False,huber,2,0.328125,11.303121042634126,0.8563659386709332,0.2,0.5,0.001,0.001,
V1,Astrocytes,geTrue_attnFalse_huber_pca2_highest_weight_decay,highest_weight_decay,True,False,huber,2,0.35486111111111107,3.2565021738065494,0.4978142874315381,0.2,1.0,0.001,0.001,
V1,Astrocytes,geTrue_attnFalse_huber_pca2_lower_lr,lower_lr,True,False,huber,2,0.265625,0.06450752449512488,0.19832826398002606,0.2,0.1,0.0005,0.001,
V1,Astrocytes,geTrue_attnFalse_huber_pca2_lowest_lr,lowest_lr,True,False,huber,2,0.13229166666666667,0.09622817191008254,0.22916266958539686,0.2,0.1,0.0001,0.001,
V1,Astrocytes,geTrue_attnFalse_huber_pca2_higher_lambda_entropy,higher_lambda_entropy,True,False,huber,2,0.2833333333333333,1.7273922057780058,0.32706193181608495,0.2,0.1,0.001,0.01,
V1,Astrocytes,geTrue_attnFalse_huber_pca2_highest_lambda_entropy,highest_lambda_entropy,True,False,huber,2,0.421875,0.06870904180752967,0.19430048515399298,0.2,0.1,0.001,0.1,
V1,Astrocytes,geTrue_attnFalse_huber_pca2_dropout_wd,dropout_wd,True,False,huber,2,0.2798611111111111,0.04620856881917146,0.14966866374015808,0.4,0.5,0.001,0.001,
V1,Astrocytes,geTrue_attnFalse_huber_pca2_dropout_lr,dropout_lr,True,False,huber,2,0.40173611111111107,0.040471409387484086,0.13824547256808728,0.4,0.1,0.0005,0.001,
V1,Astrocytes,geTrue_attnFalse_huber_pca2_wd_lr,wd_lr,True,False,huber,2,0.35381944444444446,0.18129637232606904,0.24809394660405815,0.2,0.5,0.0005,0.001,
V1,Astrocytes,geTrue_attnFalse_huber_pca2_all_moderate,all_moderate,True,False,huber,2,0.15,9.613168301239737,0.9225778717858096,0.4,0.5,0.0005,0.01,
V1,Astrocytes,geTrue_attnFalse_huber_pca2_all_strong,all_strong,True,False,huber,2,0.18888888888888888,11.169992963292792,1.2332830850888663,0.5,1.0,0.0001,0.1,
V1,Astrocytes,geTrue_attnFalse_huber_pca4_baseline,baseline,True,False,huber,4,0.4145833333333333,7.068198741552738,0.9269092414760962,0.2,0.1,0.001,0.001,
V1,Astrocytes,geTrue_attnFalse_huber_pca4_higher_dropout,higher_dropout,True,False,huber,4,0.32847222222222217,0.682165277790427,0.30070338456425816,0.4,0.1,0.001,0.001,
V1,Astrocytes,geTrue_attnFalse_huber_pca4_highest_dropout,highest_dropout,True,False,huber,4,0.38402777777777775,0.04339895489637071,0.16350085462909192,0.5,0.1,0.001,0.001,
V1,Astrocytes,geTrue_attnFalse_huber_pca4_higher_weight_decay,higher_weight_decay,True,False,huber,4,0.33402777777777776,1.088191532038643,0.3566180989534284,0.2,0.5,0.001,0.001,
V1,Astrocytes,geTrue_attnFalse_huber_pca4_highest_weight_decay,highest_weight_decay,True,False,huber,4,0.33402777777777776,0.01643327567638045,0.09091603014773379,0.2,1.0,0.001,0.001,
V1,Astrocytes,geTrue_attnFalse_huber_pca4_lower_lr,lower_lr,True,False,huber,4,0.24027777777777776,0.09269303094104524,0.1478779687313363,0.2,0.1,0.0005,0.001,
V1,Astrocytes,geTrue_attnFalse_huber_pca4_lowest_lr,lowest_lr,True,False,huber,4,0.2,4.059815456823651,0.6803109449101612,0.2,0.1,0.0001,0.001,
V1,Astrocytes,geTrue_attnFalse_huber_pca4_higher_lambda_entropy,higher_lambda_entropy,True,False,huber,4,0.3388888888888889,0.21733196664021598,0.22463164761817703,0.2,0.1,0.001,0.01,
V1,Astrocytes,geTrue_attnFalse_huber_pca4_highest_lambda_entropy,highest_lambda_entropy,True,False,huber,4,0.3090277777777778,1.2187043098225137,0.3575860960991122,0.2,0.1,0.001,0.1,
V1,Astrocytes,geTrue_attnFalse_huber_pca4_dropout_wd,dropout_wd,True,False,huber,4,0.3003472222222222,0.0814232387850314,0.16112613192914674,0.4,0.5,0.001,0.001,
V1,Astrocytes,geTrue_attnFalse_huber_pca4_dropout_lr,dropout_lr,True,False,huber,4,0.32708333333333334,0.053854302462717704,0.17427835640652725,0.4,0.1,0.0005,0.001,
V1,Astrocytes,geTrue_attnFalse_huber_pca4_wd_lr,wd_lr,True,False,huber,4,0.2708333333333333,0.580293471369421,0.2984568080088744,0.2,0.5,0.0005,0.001,
V1,Astrocytes,geTrue_attnFalse_huber_pca4_all_moderate,all_moderate,True,False,huber,4,0.29166666666666663,6.076360991868756,0.7816851714160293,0.4,0.5,0.0005,0.01,
V1,Astrocytes,geTrue_attnFalse_huber_pca4_all_strong,all_strong,True,False,huber,4,0.1,0.10952724470688505,0.25402659903435654,0.5,1.0,0.0001,0.1,
V1,Astrocytes,geTrue_attnFalse_huber_pca8_baseline,baseline,True,False,huber,8,0.35381944444444446,60.58453848075322,2.162710281981466,0.2,0.1,0.001,0.001,
V1,Astrocytes,geTrue_attnFalse_huber_pca8_higher_dropout,higher_dropout,True,False,huber,8,0.30952380952380953,7.709223772696542,1.0359754464201008,0.4,0.1,0.001,0.001,
V1,Astrocytes,geTrue_attnFalse_huber_pca8_highest_dropout,highest_dropout,True,False,huber,8,0.42777777777777776,0.41532011741563146,0.2914565137665098,0.5,0.1,0.001,0.001,
V1,Astrocytes,geTrue_attnFalse_huber_pca8_higher_weight_decay,higher_weight_decay,True,False,huber,8,0.41160714285714284,8.743915302601838,0.7495295580398912,0.2,0.5,0.001,0.001,
V1,Astrocytes,geTrue_attnFalse_huber_pca8_highest_weight_decay,highest_weight_decay,True,False,huber,8,0.28194444444444444,0.03006222461566881,0.14049873985277372,0.2,1.0,0.001,0.001,
V1,Astrocytes,geTrue_attnFalse_huber_pca8_lower_lr,lower_lr,True,False,huber,8,0.4052083333333333,42.18930573617598,1.656949850420157,0.2,0.1,0.0005,0.001,
V1,Astrocytes,geTrue_attnFalse_huber_pca8_lowest_lr,lowest_lr,True,False,huber,8,0.20396825396825397,0.08493619111163135,0.2060374163556844,0.2,0.1,0.0001,0.001,
V1,Astrocytes,geTrue_attnFalse_huber_pca8_higher_lambda_entropy,higher_lambda_entropy,True,False,huber,8,0.3378472222222222,7.4883330893080835,0.8208866080191607,0.2,0.1,0.001,0.01,
V1,Astrocytes,geTrue_attnFalse_huber_pca8_highest_lambda_entropy,highest_lambda_entropy,True,False,huber,8,0.36180555555555555,0.034817744512921904,0.09588286494060108,0.2,0.1,0.001,0.1,
V1,Astrocytes,geTrue_attnFalse_huber_pca8_dropout_wd,dropout_wd,True,False,huber,8,0.24027777777777776,0.03384546501080322,0.12299617546765755,0.4,0.5,0.001,0.001,
V1,Astrocytes,geTrue_attnFalse_huber_pca8_dropout_lr,dropout_lr,True,False,huber,8,0.28174603174603174,52.41818745572872,1.7942702394987766,0.4,0.1,0.0005,0.001,
V1,Astrocytes,geTrue_attnFalse_huber_pca8_wd_lr,wd_lr,True,False,huber,8,0.2326388888888889,0.5922279942147629,0.3283062876434997,0.2,0.5,0.0005,0.001,
V1,Astrocytes,geTrue_attnFalse_huber_pca8_all_moderate,all_moderate,True,False,huber,8,0.36006944444444444,0.15737266011161974,0.23537861517009634,0.4,0.5,0.0005,0.01,
V1,Astrocytes,geTrue_attnFalse_huber_pca8_all_strong,all_strong,True,False,huber,8,0.1840277777777778,37.847602890960225,1.4348759717928865,0.5,1.0,0.0001,0.1,
V1,Astrocytes,geTrue_attnFalse_huber_pca16_baseline,baseline,True,False,huber,16,0.3125,0.020815193152606166,0.11339534388389438,0.2,0.1,0.001,0.001,
V1,Astrocytes,geTrue_attnFalse_huber_pca16_higher_dropout,higher_dropout,True,False,huber,16,0.34548611111111105,1.0699641846166705,0.3590583018570518,0.4,0.1,0.001,0.001,
V1,Astrocytes,geTrue_attnFalse_huber_pca16_highest_dropout,highest_dropout,True,False,huber,16,0.3809027777777777,0.12950340104211056,0.21871638344600797,0.5,0.1,0.001,0.001,
V1,Astrocytes,geTrue_attnFalse_huber_pca16_higher_weight_decay,higher_weight_decay,True,False,huber,16,0.3756944444444444,11.408244329226939,0.8559658716840204,0.2,0.5,0.001,0.001,
V1,Astrocytes,geTrue_attnFalse_huber_pca16_highest_weight_decay,highest_weight_decay,True,False,huber,16,0.26458333333333334,1.9852082488071996,0.5792990113065268,0.2,1.0,0.001,0.001,
V1,Astrocytes,geTrue_attnFalse_huber_pca16_lower_lr,lower_lr,True,False,huber,16,0.5499999999999999,3.4115170989571055,0.5008142908336595,0.2,0.1,0.0005,0.001,
V1,Astrocytes,geTrue_attnFalse_huber_pca16_lowest_lr,lowest_lr,True,False,huber,16,0.09583333333333333,327.8812586666077,4.418511328985915,0.2,0.1,0.0001,0.001,
V1,Astrocytes,geTrue_attnFalse_huber_pca16_higher_lambda_entropy,higher_lambda_entropy,True,False,huber,16,0.32291666666666663,132.17945833972664,2.525767348609709,0.2,0.1,0.001,0.01,
V1,Astrocytes,geTrue_attnFalse_huber_pca16_highest_lambda_entropy,highest_lambda_entropy,True,False,huber,16,0.4583333333333333,2.227933430937395,0.4229936211292321,0.2,0.1,0.001,0.1,
V1,Astrocytes,geTrue_attnFalse_huber_pca16_dropout_wd,dropout_wd,True,False,huber,16,0.2833333333333333,0.023875783984146873,0.10988928872393444,0.4,0.5,0.001,0.001,
V1,Astrocytes,geTrue_attnFalse_huber_pca16_dropout_lr,dropout_lr,True,False,huber,16,0.31145833333333334,0.040332473841674266,0.14180071097022545,0.4,0.1,0.0005,0.001,
V1,Astrocytes,geTrue_attnFalse_huber_pca16_wd_lr,wd_lr,True,False,huber,16,0.3739583333333333,0.1308925235061047,0.23309786057022092,0.2,0.5,0.0005,0.001,
V1,Astrocytes,geTrue_attnFalse_huber_pca16_all_moderate,all_moderate,True,False,huber,16,0.29374999999999996,15.161240735346968,1.0354303991189227,0.4,0.5,0.0005,0.01,
V1,Astrocytes,geTrue_attnFalse_huber_pca16_all_strong,all_strong,True,False,huber,16,0.19722222222222224,4.149215021642748,0.6494453018143151,0.5,1.0,0.0001,0.1,
V1,Astrocytes,geTrue_attnFalse_mse_pca2_baseline,baseline,True,False,mse,2,0.3104166666666667,66.29293059078206,2.524091160351721,0.2,0.1,0.001,0.001,
V1,Astrocytes,geTrue_attnFalse_mse_pca2_higher_dropout,higher_dropout,True,False,mse,2,0.30347222222222225,2.2917178481290104,0.5239556288579479,0.4,0.1,0.001,0.001,
V1,Astrocytes,geTrue_attnFalse_mse_pca2_highest_dropout,highest_dropout,True,False,mse,2,0.36736111111111114,138.35108215975686,3.762266160376991,0.5,0.1,0.001,0.001,
V1,Astrocytes,geTrue_attnFalse_mse_pca2_higher_weight_decay,higher_weight_decay,True,False,mse,2,0.24027777777777776,9.412416506541527,0.7606384105747566,0.2,0.5,0.001,0.001,
V1,Astrocytes,geTrue_attnFalse_mse_pca2_highest_weight_decay,highest_weight_decay,True,False,mse,2,0.4149305555555555,9.977250118443433,1.1899747723170246,0.2,1.0,0.001,0.001,
V1,Astrocytes,geTrue_attnFalse_mse_pca2_lower_lr,lower_lr,True,False,mse,2,0.33749999999999997,8.449728746563638,0.981095475202892,0.2,0.1,0.0005,0.001,
V1,Astrocytes,geTrue_attnFalse_mse_pca2_lowest_lr,lowest_lr,True,False,mse,2,0.34444444444444444,0.3309039531183197,0.25003583352857583,0.2,0.1,0.0001,0.001,
V1,Astrocytes,geTrue_attnFalse_mse_pca2_higher_lambda_entropy,higher_lambda_entropy,True,False,mse,2,0.4027777777777778,2.4368931246781096,0.6524898123849804,0.2,0.1,0.001,0.01,
V1,Astrocytes,geTrue_attnFalse_mse_pca2_highest_lambda_entropy,highest_lambda_entropy,True,False,mse,2,0.49097222222222214,0.15973746640596312,0.17996868502814323,0.2,0.1,0.001,0.1,
V1,Astrocytes,geTrue_attnFalse_mse_pca2_dropout_wd,dropout_wd,True,False,mse,2,0.390625,0.054098032297738186,0.1756633224043374,0.4,0.5,0.001,0.001,
V1,Astrocytes,geTrue_attnFalse_mse_pca2_dropout_lr,dropout_lr,True,False,mse,2,0.32673611111111106,0.08180232791526135,0.23806611995678395,0.4,0.1,0.0005,0.001,
V1,Astrocytes,geTrue_attnFalse_mse_pca2_wd_lr,wd_lr,True,False,mse,2,0.24930555555555556,0.3609852004430038,0.36185572401154786,0.2,0.5,0.0005,0.001,
V1,Astrocytes,geTrue_attnFalse_mse_pca2_all_moderate,all_moderate,True,False,mse,2,0.4270833333333333,2.2295365557081888,0.49503521671673906,0.4,0.5,0.0005,0.01,
V1,Astrocytes,geTrue_attnFalse_mse_pca2_all_strong,all_strong,True,False,mse,2,0.13958333333333334,7.855368208592443,0.9426244393689558,0.5,1.0,0.0001,0.1,
V1,Astrocytes,geTrue_attnFalse_mse_pca4_baseline,baseline,True,False,mse,4,0.290625,0.19873688647485105,0.2119760949863121,0.2,0.1,0.001,0.001,
V1,Astrocytes,geTrue_attnFalse_mse_pca4_higher_dropout,higher_dropout,True,False,mse,4,0.26458333333333334,1.0047444278117155,0.3815330938329377,0.4,0.1,0.001,0.001,
V1,Astrocytes,geTrue_attnFalse_mse_pca4_highest_dropout,highest_dropout,True,False,mse,4,0.41145833333333337,0.040363230308544815,0.13137909052117416,0.5,0.1,0.001,0.001,
V1,Astrocytes,geTrue_attnFalse_mse_pca4_higher_weight_decay,higher_weight_decay,True,False,mse,4,0.3454861111111111,3.9893231850984656,0.6423486613590892,0.2,0.5,0.001,0.001,
V1,Astrocytes,geTrue_attnFalse_mse_pca4_highest_weight_decay,highest_weight_decay,True,False,mse,4,0.25069444444444444,0.03317789279677,0.13878589950036258,0.2,1.0,0.001,0.001,
V1,Astrocytes,geTrue_attnFalse_mse_pca4_lower_lr,lower_lr,True,False,mse,4,0.42777777777777776,1.230466487169333,0.40350684744771564,0.2,0.1,0.0005,0.001,
V1,Astrocytes,geTrue_attnFalse_mse_pca4_lowest_lr,lowest_lr,True,False,mse,4,0.16875,1.7892769741996297,0.4926949152334904,0.2,0.1,0.0001,0.001,
V1,Astrocytes,geTrue_attnFalse_mse_pca4_higher_lambda_entropy,higher_lambda_entropy,True,False,mse,4,0.2909722222222222,1.2429871663308394,0.41990850784350187,0.2,0.1,0.001,0.01,
V1,Astrocytes,geTrue_attnFalse_mse_pca4_highest_lambda_entropy,highest_lambda_entropy,True,False,mse,4,0.34444444444444444,0.03358328380589475,0.11465060551806043,0.2,0.1,0.001,0.1,
V1,Astrocytes,geTrue_attnFalse_mse_pca4_dropout_wd,dropout_wd,True,False,mse,4,0.3729166666666667,0.030375282310995615,0.12131520030864826,0.4,0.5,0.001,0.001,
V1,Astrocytes,geTrue_attnFalse_mse_pca4_dropout_lr,dropout_lr,True,False,mse,4,0.33368055555555554,6.493148194858187,1.0846794569321596,0.4,0.1,0.0005,0.001,
V1,Astrocytes,geTrue_attnFalse_mse_pca4_wd_lr,wd_lr,True,False,mse,4,0.41666666666666663,49.26363619681263,1.925087776617147,0.2,0.5,0.0005,0.001,
V1,Astrocytes,geTrue_attnFalse_mse_pca4_all_moderate,all_moderate,True,False,mse,4,0.2569444444444444,0.09127471783124286,0.2398521463619545,0.4,0.5,0.0005,0.01,
V1,Astrocytes,geTrue_attnFalse_mse_pca4_all_strong,all_strong,True,False,mse,4,0.29791666666666666,6.304808100221862,0.7959209393399457,0.5,1.0,0.0001,0.1,
V1,Astrocytes,geTrue_attnFalse_mse_pca8_baseline,baseline,True,False,mse,8,0.39965277777777775,6.047126864773766,0.7510579349473119,0.2,0.1,0.001,0.001,
V1,Astrocytes,geTrue_attnFalse_mse_pca8_higher_dropout,higher_dropout,True,False,mse,8,0.37743055555555555,1.5436553071120636,0.45983136286182946,0.4,0.1,0.001,0.001,
V1,Astrocytes,geTrue_attnFalse_mse_pca8_highest_dropout,highest_dropout,True,False,mse,8,0.38749999999999996,17.331731115404335,1.0514079564018175,0.5,0.1,0.001,0.001,
V1,Astrocytes,geTrue_attnFalse_mse_pca8_higher_weight_decay,higher_weight_decay,True,False,mse,8,0.35138888888888886,106.8558838864072,2.90280589434163,0.2,0.5,0.001,0.001,
V1,Astrocytes,geTrue_attnFalse_mse_pca8_highest_weight_decay,highest_weight_decay,True,False,mse,8,0.3270833333333333,0.04114119086845126,0.15113521602082378,0.2,1.0,0.001,0.001,
V1,Astrocytes,geTrue_attnFalse_mse_pca8_lower_lr,lower_lr,True,False,mse,8,0.4131944444444444,19.682176181804188,1.2602178190136328,0.2,0.1,0.0005,0.001,
V1,Astrocytes,geTrue_attnFalse_mse_pca8_lowest_lr,lowest_lr,True,False,mse,8,0.3447916666666666,1.586788051180612,0.4536650462541729,0.2,0.1,0.0001,0.001,
V1,Astrocytes,geTrue_attnFalse_mse_pca8_higher_lambda_entropy,higher_lambda_entropy,True,False,mse,8,0.39652777777777776,0.41639781978621343,0.2481495631703486,0.2,0.1,0.001,0.01,
V1,Astrocytes,geTrue_attnFalse_mse_pca8_highest_lambda_entropy,highest_lambda_entropy,True,False,mse,8,0.36354166666666665,0.2543947646589058,0.2797561388773223,0.2,0.1,0.001,0.1,
V1,Astrocytes,geTrue_attnFalse_mse_pca8_dropout_wd,dropout_wd,True,False,mse,8,0.24027777777777776,0.043563970126592556,0.1450713607094561,0.4,0.5,0.001,0.001,
V1,Astrocytes,geTrue_attnFalse_mse_pca8_dropout_lr,dropout_lr,True,False,mse,8,0.47118055555555555,1.0517137111441228,0.38517037216418737,0.4,0.1,0.0005,0.001,
V1,Astrocytes,geTrue_attnFalse_mse_pca8_wd_lr,wd_lr,True,False,mse,8,0.3114583333333333,59.858389059914686,2.5395073177254135,0.2,0.5,0.0005,0.001,
V1,Astrocytes,geTrue_attnFalse_mse_pca8_all_moderate,all_moderate,True,False,mse,8,0.21111111111111108,0.1755101837768976,0.22519053883540133,0.4,0.5,0.0005,0.01,
V1,Astrocytes,geTrue_attnFalse_mse_pca8_all_strong,all_strong,True,False,mse,8,0.041666666666666664,15.562151656605705,1.3872841774136757,0.5,1.0,0.0001,0.1,
V1,Astrocytes,geTrue_attnFalse_mse_pca16_baseline,baseline,True,False,mse,16,0.3822916666666667,12.006377692056901,0.8447305460576899,0.2,0.1,0.001,0.001,
V1,Astrocytes,geTrue_attnFalse_mse_pca16_higher_dropout,higher_dropout,True,False,mse,16,0.4472222222222222,0.017555466342712923,0.0835555544666325,0.4,0.1,0.001,0.001,
V1,Astrocytes,geTrue_attnFalse_mse_pca16_highest_dropout,highest_dropout,True,False,mse,16,0.22638888888888886,7.436578811807615,0.8374857724799464,0.5,0.1,0.001,0.001,
V1,Astrocytes,geTrue_attnFalse_mse_pca16_higher_weight_decay,higher_weight_decay,True,False,mse,16,0.28194444444444444,0.06576630375850051,0.1843787849259873,0.2,0.5,0.001,0.001,
V1,Astrocytes,geTrue_attnFalse_mse_pca16_highest_weight_decay,highest_weight_decay,True,False,mse,16,0.3918154761904762,0.023576251030765223,0.11367541409951323,0.2,1.0,0.001,0.001,
V1,Astrocytes,geTrue_attnFalse_mse_pca16_lower_lr,lower_lr,True,False,mse,16,0.36874999999999997,0.10068977152924699,0.17027470923494548,0.2,0.1,0.0005,0.001,
V1,Astrocytes,geTrue_attnFalse_mse_pca16_lowest_lr,lowest_lr,True,False,mse,16,0.3237599206349206,6.292366490866935,0.959788472042419,0.2,0.1,0.0001,0.001,
V1,Astrocytes,geTrue_attnFalse_mse_pca16_higher_lambda_entropy,higher_lambda_entropy,True,False,mse,16,0.37916666666666665,22.454548867661856,1.368509617362482,0.2,0.1,0.001,0.01,
V1,Astrocytes,geTrue_attnFalse_mse_pca16_highest_lambda_entropy,highest_lambda_entropy,True,False,mse,16,0.4590277777777777,7.488366059360361,0.6378027336904779,0.2,0.1,0.001,0.1,
V1,Astrocytes,geTrue_attnFalse_mse_pca16_dropout_wd,dropout_wd,True,False,mse,16,0.3472222222222222,0.09409121665415102,0.16483998543117195,0.4,0.5,0.001,0.001,
V1,Astrocytes,geTrue_attnFalse_mse_pca16_dropout_lr,dropout_lr,True,False,mse,16,0.3194444444444444,31.200695889572966,1.2439401735318825,0.4,0.1,0.0005,0.001,
V1,Astrocytes,geTrue_attnFalse_mse_pca16_wd_lr,wd_lr,True,False,mse,16,0.4083333333333333,123.01436293956647,2.7994891654816456,0.2,0.5,0.0005,0.001,
V1,Astrocytes,geTrue_attnFalse_mse_pca16_all_moderate,all_moderate,True,False,mse,16,0.21249999999999997,0.059030050931526565,0.1831539174891077,0.4,0.5,0.0005,0.01,
V1,Astrocytes,geTrue_attnFalse_mse_pca16_all_strong,all_strong,True,False,mse,16,0.19895833333333335,94.4293536827386,2.3689058136054277,0.5,1.0,0.0001,0.1,
V1,Astrocytes,geTrue_attnFalse_mae_pca2_baseline,baseline,True,False,mae,2,0.27291666666666664,0.10168043668190074,0.2432239062230413,0.2,0.1,0.001,0.001,
V1,Astrocytes,geTrue_attnFalse_mae_pca2_higher_dropout,higher_dropout,True,False,mae,2,0.3690972222222222,1.5913248235870865,0.45363731593048817,0.4,0.1,0.001,0.001,
V1,Astrocytes,geTrue_attnFalse_mae_pca2_highest_dropout,highest_dropout,True,False,mae,2,0.26944444444444443,0.03981733988675873,0.14208865417943647,0.5,0.1,0.001,0.001,
V1,Astrocytes,geTrue_attnFalse_mae_pca2_higher_weight_decay,higher_weight_decay,True,False,mae,2,0.340625,0.6875335430482176,0.404757545911707,0.2,0.5,0.001,0.001,
V1,Astrocytes,geTrue_attnFalse_mae_pca2_highest_weight_decay,highest_weight_decay,True,False,mae,2,0.3854166666666667,1.720369591273977,0.6559321995203693,0.2,1.0,0.001,0.001,
V1,Astrocytes,geTrue_attnFalse_mae_pca2_lower_lr,lower_lr,True,False,mae,2,0.1923611111111111,3.1441701798172015,0.5091081147935862,0.2,0.1,0.0005,0.001,
V1,Astrocytes,geTrue_attnFalse_mae_pca2_lowest_lr,lowest_lr,True,False,mae,2,0.2315972222222222,58.14880128810182,2.8966987256814414,0.2,0.1,0.0001,0.001,
V1,Astrocytes,geTrue_attnFalse_mae_pca2_higher_lambda_entropy,higher_lambda_entropy,True,False,mae,2,0.4937499999999999,0.7004799216714435,0.3487564942721898,0.2,0.1,0.001,0.01,
V1,Astrocytes,geTrue_attnFalse_mae_pca2_highest_lambda_entropy,highest_lambda_entropy,True,False,mae,2,0.38055555555555554,0.015885987505131823,0.08042717208930603,0.2,0.1,0.001,0.1,
V1,Astrocytes,geTrue_attnFalse_mae_pca2_dropout_wd,dropout_wd,True,False,mae,2,0.34791666666666665,0.30088886824074373,0.2260454552791392,0.4,0.5,0.001,0.001,
V1,Astrocytes,geTrue_attnFalse_mae_pca2_dropout_lr,dropout_lr,True,False,mae,2,0.29513888888888884,4.995747376861387,0.9924534366388496,0.4,0.1,0.0005,0.001,
V1,Astrocytes,geTrue_attnFalse_mae_pca2_wd_lr,wd_lr,True,False,mae,2,0.4229166666666666,0.11891248941486944,0.2131237667053938,0.2,0.5,0.0005,0.001,
V1,Astrocytes,geTrue_attnFalse_mae_pca2_all_moderate,all_moderate,True,False,mae,2,0.3177083333333333,0.04719086984516871,0.14683724990269792,0.4,0.5,0.0005,0.01,
V1,Astrocytes,geTrue_attnFalse_mae_pca2_all_strong,all_strong,True,False,mae,2,0.11666666666666667,0.06077483556657549,0.18942292718566023,0.5,1.0,0.0001,0.1,
V1,Astrocytes,geTrue_attnFalse_mae_pca4_baseline,baseline,True,False,mae,4,0.37395833333333334,6.751120346780773,0.6164975293989604,0.2,0.1,0.001,0.001,
V1,Astrocytes,geTrue_attnFalse_mae_pca4_higher_dropout,higher_dropout,True,False,mae,4,0.31666666666666665,6.2970008957087185,1.031781656163124,0.4,0.1,0.001,0.001,
V1,Astrocytes,geTrue_attnFalse_mae_pca4_highest_dropout,highest_dropout,True,False,mae,4,0.29166666666666663,0.05397457600354445,0.1556802544509992,0.5,0.1,0.001,0.001,
V1,Astrocytes,geTrue_attnFalse_mae_pca4_higher_weight_decay,higher_weight_decay,True,False,mae,4,0.3888888888888889,0.44717969286854875,0.28159118470891065,0.2,0.5,0.001,0.001,
V1,Astrocytes,geTrue_attnFalse_mae_pca4_highest_weight_decay,highest_weight_decay,True,False,mae,4,0.3501488095238095,0.04699498774092356,0.17148608702700585,0.2,1.0,0.001,0.001,
V1,Astrocytes,geTrue_attnFalse_mae_pca4_lower_lr,lower_lr,True,False,mae,4,0.38090277777777776,94.3280028958828,2.7547785158773572,0.2,0.1,0.0005,0.001,
V1,Astrocytes,geTrue_attnFalse_mae_pca4_lowest_lr,lowest_lr,True,False,mae,4,0.24598214285714284,0.32480241401782795,0.26634842704515904,0.2,0.1,0.0001,0.001,
V1,Astrocytes,geTrue_attnFalse_mae_pca4_higher_lambda_entropy,higher_lambda_entropy,True,False,mae,4,0.27291666666666664,3.3639727794353274,0.6510877231679235,0.2,0.1,0.001,0.01,
V1,Astrocytes,geTrue_attnFalse_mae_pca4_highest_lambda_entropy,highest_lambda_entropy,True,False,mae,4,0.35624999999999996,2.42440207565121,0.4651352636671315,0.2,0.1,0.001,0.1,
V1,Astrocytes,geTrue_attnFalse_mae_pca4_dropout_wd,dropout_wd,True,False,mae,4,0.29166666666666663,3.116187983030479,0.7009435287909582,0.4,0.5,0.001,0.001,
V1,Astrocytes,geTrue_attnFalse_mae_pca4_dropout_lr,dropout_lr,True,False,mae,4,0.32638888888888884,14.430558225906838,1.2695454939967021,0.4,0.1,0.0005,0.001,
V1,Astrocytes,geTrue_attnFalse_mae_pca4_wd_lr,wd_lr,True,False,mae,4,0.4298611111111111,0.05432564949090833,0.183282623901808,0.2,0.5,0.0005,0.001,
V1,Astrocytes,geTrue_attnFalse_mae_pca4_all_moderate,all_moderate,True,False,mae,4,0.3958333333333333,0.048374712130873576,0.1675739121856168,0.4,0.5,0.0005,0.01,
V1,Astrocytes,geTrue_attnFalse_mae_pca4_all_strong,all_strong,True,False,mae,4,0.25,0.05522244027988055,0.19692515632292876,0.5,1.0,0.0001,0.1,
V1,Astrocytes,geTrue_attnFalse_mae_pca8_baseline,baseline,True,False,mae,8,0.31527777777777777,0.05194354839190601,0.15443949087057263,0.2,0.1,0.001,0.001,
V1,Astrocytes,geTrue_attnFalse_mae_pca8_higher_dropout,higher_dropout,True,False,mae,8,0.49479166666666663,0.04017390348827261,0.1502154718230789,0.4,0.1,0.001,0.001,
V1,Astrocytes,geTrue_attnFalse_mae_pca8_highest_dropout,highest_dropout,True,False,mae,8,0.35486111111111107,0.05100884667143553,0.15132460537521789,0.5,0.1,0.001,0.001,
V1,Astrocytes,geTrue_attnFalse_mae_pca8_higher_weight_decay,higher_weight_decay,True,False,mae,8,0.3454861111111111,0.029333062792325563,0.11649884085636586,0.2,0.5,0.001,0.001,
V1,Astrocytes,geTrue_attnFalse_mae_pca8_highest_weight_decay,highest_weight_decay,True,False,mae,8,0.34305555555555556,0.04469693467002368,0.14382477073619762,0.2,1.0,0.001,0.001,
V1,Astrocytes,geTrue_attnFalse_mae_pca8_lower_lr,lower_lr,True,False,mae,8,0.17708333333333331,4.321323113284674,0.536897216263848,0.2,0.1,0.0005,0.001,
V1,Astrocytes,geTrue_attnFalse_mae_pca8_lowest_lr,lowest_lr,True,False,mae,8,0.09756944444444443,0.17735710455378723,0.23527011690506092,0.2,0.1,0.0001,0.001,
V1,Astrocytes,geTrue_attnFalse_mae_pca8_higher_lambda_entropy,higher_lambda_entropy,True,False,mae,8,0.5208333333333333,26.18113994588977,1.4056836994908128,0.2,0.1,0.001,0.01,
V1,Astrocytes,geTrue_attnFalse_mae_pca8_highest_lambda_entropy,highest_lambda_entropy,True,False,mae,8,0.33958333333333335,0.0520140157358352,0.17156582981503257,0.2,0.1,0.001,0.1,
V1,Astrocytes,geTrue_attnFalse_mae_pca8_dropout_wd,dropout_wd,True,False,mae,8,0.3736111111111111,0.01720795790617883,0.09862804245979835,0.4,0.5,0.001,0.001,
V1,Astrocytes,geTrue_attnFalse_mae_pca8_dropout_lr,dropout_lr,True,False,mae,8,0.41041666666666665,1.1047773027211472,0.34159363972139545,0.4,0.1,0.0005,0.001,
V1,Astrocytes,geTrue_attnFalse_mae_pca8_wd_lr,wd_lr,True,False,mae,8,0.3923611111111111,1.647750579543296,0.5196535799380702,0.2,0.5,0.0005,0.001,
V1,Astrocytes,geTrue_attnFalse_mae_pca8_all_moderate,all_moderate,True,False,mae,8,0.48715277777777777,5.891017182704925,0.6496992382065704,0.4,0.5,0.0005,0.01,
V1,Astrocytes,geTrue_attnFalse_mae_pca8_all_strong,all_strong,True,False,mae,8,0.06979166666666667,18.021192577133476,1.3289979050023248,0.5,1.0,0.0001,0.1,
V1,Astrocytes,geTrue_attnFalse_mae_pca16_baseline,baseline,True,False,mae,16,0.34791666666666665,0.0773700495492806,0.15411519558013728,0.2,0.1,0.001,0.001,
V1,Astrocytes,geTrue_attnFalse_mae_pca16_higher_dropout,higher_dropout,True,False,mae,16,0.5043154761904762,0.145102258892358,0.1894248491541172,0.4,0.1,0.001,0.001,
V1,Astrocytes,geTrue_attnFalse_mae_pca16_highest_dropout,highest_dropout,True,False,mae,16,0.34791666666666665,3.3690897092894705,0.43509563566961634,0.5,0.1,0.001,0.001,
V1,Astrocytes,geTrue_attnFalse_mae_pca16_higher_weight_decay,higher_weight_decay,True,False,mae,16,0.30798611111111107,2.537933429139829,0.47177011927124113,0.2,0.5,0.001,0.001,
V1,Astrocytes,geTrue_attnFalse_mae_pca16_highest_weight_decay,highest_weight_decay,True,False,mae,16,0.4223710317460317,14.411940849776377,0.9219050857936963,0.2,1.0,0.001,0.001,
V1,Astrocytes,geTrue_attnFalse_mae_pca16_lower_lr,lower_lr,True,False,mae,16,0.27847222222222223,52.19661711830069,1.6949715235969052,0.2,0.1,0.0005,0.001,
V1,Astrocytes,geTrue_attnFalse_mae_pca16_lowest_lr,lowest_lr,True,False,mae,16,0.2786210317460317,19.304404606256238,1.4448493215798712,0.2,0.1,0.0001,0.001,
V1,Astrocytes,geTrue_attnFalse_mae_pca16_higher_lambda_entropy,higher_lambda_entropy,True,False,mae,16,0.34791666666666665,0.047530050395333555,0.1326024119819825,0.2,0.1,0.001,0.01,
V1,Astrocytes,geTrue_attnFalse_mae_pca16_highest_lambda_entropy,highest_lambda_entropy,True,False,mae,16,0.41527777777777775,0.470427056032738,0.29205668504194665,0.2,0.1,0.001,0.1,
V1,Astrocytes,geTrue_attnFalse_mae_pca16_dropout_wd,dropout_wd,True,False,mae,16,0.20416666666666666,0.058194500826847406,0.1754251387125502,0.4,0.5,0.001,0.001,
V1,Astrocytes,geTrue_attnFalse_mae_pca16_dropout_lr,dropout_lr,True,False,mae,16,0.2642361111111111,0.02904018490221963,0.12237472061921532,0.4,0.1,0.0005,0.001,
V1,Astrocytes,geTrue_attnFalse_mae_pca16_wd_lr,wd_lr,True,False,mae,16,0.2375,1.1864049241056944,0.38598324816363555,0.2,0.5,0.0005,0.001,
V1,Astrocytes,geTrue_attnFalse_mae_pca16_all_moderate,all_moderate,True,False,mae,16,0.3736111111111111,2.434231476796087,0.48853923393956694,0.4,0.5,0.0005,0.01,
V1,Astrocytes,geTrue_attnFalse_mae_pca16_all_strong,all_strong,True,False,mae,16,0.20625,8.266234757632361,1.1785493184191485,0.5,1.0,0.0001,0.1,
