region,cell_type,run,experiment,gene_encoder,attention,pca_components,avg_f1,avg_mse,avg_mae,dropout,weight_decay,lr,lambda_entropy,error
ITG,Microglia,geTrue_attnFalse_pca2_baseline,baseline,True,False,2,0.2569444444444444,0.0,0.0,0.2,0.1,0.001,0.001,
ITG,Microglia,geTrue_attnFalse_pca2_higher_dropout,higher_dropout,True,False,2,0.36180555555555555,0.0,0.0,0.4,0.1,0.001,0.001,
ITG,Microglia,geTrue_attnFalse_pca2_highest_dropout,highest_dropout,True,False,2,0.4048611111111111,0.0,0.0,0.5,0.1,0.001,0.001,
ITG,Microglia,geTrue_attnFalse_pca2_higher_weight_decay,higher_weight_decay,True,False,2,0.19791666666666666,0.0,0.0,0.2,0.5,0.001,0.001,
ITG,Microglia,geTrue_attnFalse_pca2_highest_weight_decay,highest_weight_decay,True,False,2,0.3243055555555555,0.0,0.0,0.2,1.0,0.001,0.001,
ITG,Microglia,geTrue_attnFalse_pca2_lower_lr,lower_lr,True,False,2,0.4465277777777778,0.0,0.0,0.2,0.1,0.0005,0.001,
ITG,Microglia,geTrue_attnFalse_pca2_lowest_lr,lowest_lr,True,False,2,0.15347222222222223,0.0,0.0,0.2,0.1,0.0001,0.001,
ITG,Microglia,geTrue_attnFalse_pca2_higher_lambda_entropy,higher_lambda_entropy,True,False,2,0.28125,0.0,0.0,0.2,0.1,0.001,0.01,
ITG,Microglia,geTrue_attnFalse_pca2_highest_lambda_entropy,highest_lambda_entropy,True,False,2,0.3027777777777777,0.0,0.0,0.2,0.1,0.001,0.1,
ITG,Microglia,geTrue_attnFalse_pca2_dropout_wd,dropout_wd,True,False,2,0.3506944444444445,0.0,0.0,0.4,0.5,0.001,0.001,
ITG,Microglia,geTrue_attnFalse_pca2_dropout_lr,dropout_lr,True,False,2,0.2361111111111111,0.0,0.0,0.4,0.1,0.0005,0.001,
ITG,Microglia,geTrue_attnFalse_pca2_wd_lr,wd_lr,True,False,2,0.1736111111111111,0.0,0.0,0.2,0.5,0.0005,0.001,
ITG,Microglia,geTrue_attnFalse_pca2_all_moderate,all_moderate,True,False,2,0.3055555555555555,0.0,0.0,0.4,0.5,0.0005,0.01,
ITG,Microglia,geTrue_attnFalse_pca2_all_strong,all_strong,True,False,2,0.30972222222222223,0.0,0.0,0.5,1.0,0.0001,0.1,
ITG,Microglia,geTrue_attnFalse_pca4_baseline,baseline,True,False,4,0.26944444444444443,0.0,0.0,0.2,0.1,0.001,0.001,
ITG,Microglia,geTrue_attnFalse_pca4_higher_dropout,higher_dropout,True,False,4,0.25277777777777777,0.0,0.0,0.4,0.1,0.001,0.001,
ITG,Microglia,geTrue_attnFalse_pca4_highest_dropout,highest_dropout,True,False,4,0.25555555555555554,0.0,0.0,0.5,0.1,0.001,0.001,
ITG,Microglia,geTrue_attnFalse_pca4_higher_weight_decay,higher_weight_decay,True,False,4,0.4569444444444444,0.0,0.0,0.2,0.5,0.001,0.001,
ITG,Microglia,geTrue_attnFalse_pca4_highest_weight_decay,highest_weight_decay,True,False,4,0.3069444444444444,0.0,0.0,0.2,1.0,0.001,0.001,
ITG,Microglia,geTrue_attnFalse_pca4_lower_lr,lower_lr,True,False,4,0.19722222222222222,0.0,0.0,0.2,0.1,0.0005,0.001,
ITG,Microglia,geTrue_attnFalse_pca4_lowest_lr,lowest_lr,True,False,4,0.2263888888888889,0.0,0.0,0.2,0.1,0.0001,0.001,
ITG,Microglia,geTrue_attnFalse_pca4_higher_lambda_entropy,higher_lambda_entropy,True,False,4,0.25555555555555554,0.0,0.0,0.2,0.1,0.001,0.01,
ITG,Microglia,geTrue_attnFalse_pca4_highest_lambda_entropy,highest_lambda_entropy,True,False,4,0.23472222222222222,0.0,0.0,0.2,0.1,0.001,0.1,
ITG,Microglia,geTrue_attnFalse_pca4_dropout_wd,dropout_wd,True,False,4,0.18194444444444446,0.0,0.0,0.4,0.5,0.001,0.001,
ITG,Microglia,geTrue_attnFalse_pca4_dropout_lr,dropout_lr,True,False,4,0.29722222222222217,0.0,0.0,0.4,0.1,0.0005,0.001,
ITG,Microglia,geTrue_attnFalse_pca4_wd_lr,wd_lr,True,False,4,0.4680555555555555,0.0,0.0,0.2,0.5,0.0005,0.001,
ITG,Microglia,geTrue_attnFalse_pca4_all_moderate,all_moderate,True,False,4,0.29861111111111105,0.0,0.0,0.4,0.5,0.0005,0.01,
ITG,Microglia,geTrue_attnFalse_pca4_all_strong,all_strong,True,False,4,0.26458333333333334,0.0,0.0,0.5,1.0,0.0001,0.1,
ITG,Microglia,geTrue_attnFalse_pca8_baseline,baseline,True,False,8,0.40694444444444444,0.0,0.0,0.2,0.1,0.001,0.001,
ITG,Microglia,geTrue_attnFalse_pca8_higher_dropout,higher_dropout,True,False,8,0.32361111111111107,0.0,0.0,0.4,0.1,0.001,0.001,
ITG,Microglia,geTrue_attnFalse_pca8_highest_dropout,highest_dropout,True,False,8,0.21597222222222223,0.0,0.0,0.5,0.1,0.001,0.001,
ITG,Microglia,geTrue_attnFalse_pca8_higher_weight_decay,higher_weight_decay,True,False,8,0.30972222222222223,0.0,0.0,0.2,0.5,0.001,0.001,
ITG,Microglia,geTrue_attnFalse_pca8_highest_weight_decay,highest_weight_decay,True,False,8,0.3944444444444444,0.0,0.0,0.2,1.0,0.001,0.001,
ITG,Microglia,geTrue_attnFalse_pca8_lower_lr,lower_lr,True,False,8,0.4229166666666666,0.0,0.0,0.2,0.1,0.0005,0.001,
ITG,Microglia,geTrue_attnFalse_pca8_lowest_lr,lowest_lr,True,False,8,0.2625,0.0,0.0,0.2,0.1,0.0001,0.001,
ITG,Microglia,geTrue_attnFalse_pca8_higher_lambda_entropy,higher_lambda_entropy,True,False,8,0.28888888888888886,0.0,0.0,0.2,0.1,0.001,0.01,
ITG,Microglia,geTrue_attnFalse_pca8_highest_lambda_entropy,highest_lambda_entropy,True,False,8,0.26944444444444443,0.0,0.0,0.2,0.1,0.001,0.1,
ITG,Microglia,geTrue_attnFalse_pca8_dropout_wd,dropout_wd,True,False,8,0.35277777777777775,0.0,0.0,0.4,0.5,0.001,0.001,
ITG,Microglia,geTrue_attnFalse_pca8_dropout_lr,dropout_lr,True,False,8,0.38055555555555554,0.0,0.0,0.4,0.1,0.0005,0.001,
ITG,Microglia,geTrue_attnFalse_pca8_wd_lr,wd_lr,True,False,8,0.2993055555555556,0.0,0.0,0.2,0.5,0.0005,0.001,
ITG,Microglia,geTrue_attnFalse_pca8_all_moderate,all_moderate,True,False,8,0.39305555555555555,0.0,0.0,0.4,0.5,0.0005,0.01,
ITG,Microglia,geTrue_attnFalse_pca8_all_strong,all_strong,True,False,8,0.12152777777777778,0.0,0.0,0.5,1.0,0.0001,0.1,
ITG,Microglia,geTrue_attnFalse_pca16_baseline,baseline,True,False,16,0.30069444444444443,0.0,0.0,0.2,0.1,0.001,0.001,
ITG,Microglia,geTrue_attnFalse_pca16_higher_dropout,higher_dropout,True,False,16,0.3916666666666667,0.0,0.0,0.4,0.1,0.001,0.001,
ITG,Microglia,geTrue_attnFalse_pca16_highest_dropout,highest_dropout,True,False,16,0.24722222222222218,0.0,0.0,0.5,0.1,0.001,0.001,
ITG,Microglia,geTrue_attnFalse_pca16_higher_weight_decay,higher_weight_decay,True,False,16,0.3402777777777778,0.0,0.0,0.2,0.5,0.001,0.001,
ITG,Microglia,geTrue_attnFalse_pca16_highest_weight_decay,highest_weight_decay,True,False,16,0.29375,0.0,0.0,0.2,1.0,0.001,0.001,
ITG,Microglia,geTrue_attnFalse_pca16_lower_lr,lower_lr,True,False,16,0.35277777777777775,0.0,0.0,0.2,0.1,0.0005,0.001,
ITG,Microglia,geTrue_attnFalse_pca16_lowest_lr,lowest_lr,True,False,16,0.2763888888888889,0.0,0.0,0.2,0.1,0.0001,0.001,
ITG,Microglia,geTrue_attnFalse_pca16_higher_lambda_entropy,higher_lambda_entropy,True,False,16,0.31666666666666665,0.0,0.0,0.2,0.1,0.001,0.01,
ITG,Microglia,geTrue_attnFalse_pca16_highest_lambda_entropy,highest_lambda_entropy,True,False,16,0.36597222222222214,0.0,0.0,0.2,0.1,0.001,0.1,
ITG,Microglia,geTrue_attnFalse_pca16_dropout_wd,dropout_wd,True,False,16,0.3388888888888889,0.0,0.0,0.4,0.5,0.001,0.001,
ITG,Microglia,geTrue_attnFalse_pca16_dropout_lr,dropout_lr,True,False,16,0.34375,0.0,0.0,0.4,0.1,0.0005,0.001,
ITG,Microglia,geTrue_attnFalse_pca16_wd_lr,wd_lr,True,False,16,0.29791666666666666,0.0,0.0,0.2,0.5,0.0005,0.001,
ITG,Microglia,geTrue_attnFalse_pca16_all_moderate,all_moderate,True,False,16,0.33749999999999997,0.0,0.0,0.4,0.5,0.0005,0.01,
ITG,Microglia,geTrue_attnFalse_pca16_all_strong,all_strong,True,False,16,0.23125,0.0,0.0,0.5,1.0,0.0001,0.1,
ITG,Microglia,geFalse_attnTrue_pca2_baseline,baseline,False,True,2,0.24930555555555556,0.0,0.0,0.2,0.1,0.001,0.001,
ITG,Microglia,geFalse_attnTrue_pca2_higher_dropout,higher_dropout,False,True,2,0.23819444444444443,0.0,0.0,0.4,0.1,0.001,0.001,
ITG,Microglia,geFalse_attnTrue_pca2_highest_dropout,highest_dropout,False,True,2,0.37083333333333335,0.0,0.0,0.5,0.1,0.001,0.001,
ITG,Microglia,geFalse_attnTrue_pca2_higher_weight_decay,higher_weight_decay,False,True,2,0.2472222222222222,0.0,0.0,0.2,0.5,0.001,0.001,
ITG,Microglia,geFalse_attnTrue_pca2_highest_weight_decay,highest_weight_decay,False,True,2,0.13541666666666666,0.0,0.0,0.2,1.0,0.001,0.001,
ITG,Microglia,geFalse_attnTrue_pca2_lower_lr,lower_lr,False,True,2,0.32361111111111107,0.0,0.0,0.2,0.1,0.0005,0.001,
ITG,Microglia,geFalse_attnTrue_pca2_lowest_lr,lowest_lr,False,True,2,0.1375,0.0,0.0,0.2,0.1,0.0001,0.001,
ITG,Microglia,geFalse_attnTrue_pca2_higher_lambda_entropy,higher_lambda_entropy,False,True,2,0.31875,0.0,0.0,0.2,0.1,0.001,0.01,
ITG,Microglia,geFalse_attnTrue_pca2_highest_lambda_entropy,highest_lambda_entropy,False,True,2,0.3083333333333333,0.0,0.0,0.2,0.1,0.001,0.1,
ITG,Microglia,geFalse_attnTrue_pca2_dropout_wd,dropout_wd,False,True,2,0.2520833333333333,0.0,0.0,0.4,0.5,0.001,0.001,
ITG,Microglia,geFalse_attnTrue_pca2_dropout_lr,dropout_lr,False,True,2,0.17222222222222222,0.0,0.0,0.4,0.1,0.0005,0.001,
ITG,Microglia,geFalse_attnTrue_pca2_wd_lr,wd_lr,False,True,2,0.22638888888888886,0.0,0.0,0.2,0.5,0.0005,0.001,
ITG,Microglia,geFalse_attnTrue_pca2_all_moderate,all_moderate,False,True,2,0.2159722222222222,0.0,0.0,0.4,0.5,0.0005,0.01,
ITG,Microglia,geFalse_attnTrue_pca2_all_strong,all_strong,False,True,2,0.19722222222222222,0.0,0.0,0.5,1.0,0.0001,0.1,
ITG,Microglia,geFalse_attnTrue_pca4_baseline,baseline,False,True,4,0.25902777777777775,0.0,0.0,0.2,0.1,0.001,0.001,
ITG,Microglia,geFalse_attnTrue_pca4_higher_dropout,higher_dropout,False,True,4,0.31805555555555554,0.0,0.0,0.4,0.1,0.001,0.001,
ITG,Microglia,geFalse_attnTrue_pca4_highest_dropout,highest_dropout,False,True,4,0.18819444444444444,0.0,0.0,0.5,0.1,0.001,0.001,
ITG,Microglia,geFalse_attnTrue_pca4_higher_weight_decay,higher_weight_decay,False,True,4,0.16041666666666665,0.0,0.0,0.2,0.5,0.001,0.001,
ITG,Microglia,geFalse_attnTrue_pca4_highest_weight_decay,highest_weight_decay,False,True,4,0.18472222222222223,0.0,0.0,0.2,1.0,0.001,0.001,
ITG,Microglia,geFalse_attnTrue_pca4_lower_lr,lower_lr,False,True,4,0.3256944444444444,0.0,0.0,0.2,0.1,0.0005,0.001,
ITG,Microglia,geFalse_attnTrue_pca4_lowest_lr,lowest_lr,False,True,4,0.21041666666666664,0.0,0.0,0.2,0.1,0.0001,0.001,
ITG,Microglia,geFalse_attnTrue_pca4_higher_lambda_entropy,higher_lambda_entropy,False,True,4,0.3673611111111111,0.0,0.0,0.2,0.1,0.001,0.01,
ITG,Microglia,geFalse_attnTrue_pca4_highest_lambda_entropy,highest_lambda_entropy,False,True,4,0.16388888888888886,0.0,0.0,0.2,0.1,0.001,0.1,
ITG,Microglia,geFalse_attnTrue_pca4_dropout_wd,dropout_wd,False,True,4,0.27638888888888885,0.0,0.0,0.4,0.5,0.001,0.001,
ITG,Microglia,geFalse_attnTrue_pca4_dropout_lr,dropout_lr,False,True,4,0.22291666666666665,0.0,0.0,0.4,0.1,0.0005,0.001,
ITG,Microglia,geFalse_attnTrue_pca4_wd_lr,wd_lr,False,True,4,0.19374999999999998,0.0,0.0,0.2,0.5,0.0005,0.001,
ITG,Microglia,geFalse_attnTrue_pca4_all_moderate,all_moderate,False,True,4,0.24583333333333332,0.0,0.0,0.4,0.5,0.0005,0.01,
ITG,Microglia,geFalse_attnTrue_pca4_all_strong,all_strong,False,True,4,0.21458333333333332,0.0,0.0,0.5,1.0,0.0001,0.1,
ITG,Microglia,geFalse_attnTrue_pca8_baseline,baseline,False,True,8,0.15555555555555556,0.0,0.0,0.2,0.1,0.001,0.001,
ITG,Microglia,geFalse_attnTrue_pca8_higher_dropout,higher_dropout,False,True,8,0.275,0.0,0.0,0.4,0.1,0.001,0.001,
ITG,Microglia,geFalse_attnTrue_pca8_highest_dropout,highest_dropout,False,True,8,0.1875,0.0,0.0,0.5,0.1,0.001,0.001,
ITG,Microglia,geFalse_attnTrue_pca8_higher_weight_decay,higher_weight_decay,False,True,8,0.20208333333333334,0.0,0.0,0.2,0.5,0.001,0.001,
ITG,Microglia,geFalse_attnTrue_pca8_highest_weight_decay,highest_weight_decay,False,True,8,0.3013888888888889,0.0,0.0,0.2,1.0,0.001,0.001,
ITG,Microglia,geFalse_attnTrue_pca8_lower_lr,lower_lr,False,True,8,0.2701388888888889,0.0,0.0,0.2,0.1,0.0005,0.001,
ITG,Microglia,geFalse_attnTrue_pca8_lowest_lr,lowest_lr,False,True,8,0.12916666666666665,0.0,0.0,0.2,0.1,0.0001,0.001,
ITG,Microglia,geFalse_attnTrue_pca8_higher_lambda_entropy,higher_lambda_entropy,False,True,8,0.21597222222222223,0.0,0.0,0.2,0.1,0.001,0.01,
ITG,Microglia,geFalse_attnTrue_pca8_highest_lambda_entropy,highest_lambda_entropy,False,True,8,0.3243055555555555,0.0,0.0,0.2,0.1,0.001,0.1,
ITG,Microglia,geFalse_attnTrue_pca8_dropout_wd,dropout_wd,False,True,8,0.2875,0.0,0.0,0.4,0.5,0.001,0.001,
ITG,Microglia,geFalse_attnTrue_pca8_dropout_lr,dropout_lr,False,True,8,0.3083333333333333,0.0,0.0,0.4,0.1,0.0005,0.001,
ITG,Microglia,geFalse_attnTrue_pca8_wd_lr,wd_lr,False,True,8,0.21111111111111108,0.0,0.0,0.2,0.5,0.0005,0.001,
ITG,Microglia,geFalse_attnTrue_pca8_all_moderate,all_moderate,False,True,8,0.1375,0.0,0.0,0.4,0.5,0.0005,0.01,
ITG,Microglia,geFalse_attnTrue_pca8_all_strong,all_strong,False,True,8,0.16180555555555554,0.0,0.0,0.5,1.0,0.0001,0.1,
ITG,Microglia,geFalse_attnTrue_pca16_baseline,baseline,False,True,16,0.2618055555555555,0.0,0.0,0.2,0.1,0.001,0.001,
ITG,Microglia,geFalse_attnTrue_pca16_higher_dropout,higher_dropout,False,True,16,0.31527777777777777,0.0,0.0,0.4,0.1,0.001,0.001,
ITG,Microglia,geFalse_attnTrue_pca16_highest_dropout,highest_dropout,False,True,16,0.23680555555555552,0.0,0.0,0.5,0.1,0.001,0.001,
ITG,Microglia,geFalse_attnTrue_pca16_higher_weight_decay,higher_weight_decay,False,True,16,0.25625,0.0,0.0,0.2,0.5,0.001,0.001,
ITG,Microglia,geFalse_attnTrue_pca16_highest_weight_decay,highest_weight_decay,False,True,16,0.2895833333333333,0.0,0.0,0.2,1.0,0.001,0.001,
ITG,Microglia,geFalse_attnTrue_pca16_lower_lr,lower_lr,False,True,16,0.16874999999999998,0.0,0.0,0.2,0.1,0.0005,0.001,
ITG,Microglia,geFalse_attnTrue_pca16_lowest_lr,lowest_lr,False,True,16,0.20833333333333331,0.0,0.0,0.2,0.1,0.0001,0.001,
ITG,Microglia,geFalse_attnTrue_pca16_higher_lambda_entropy,higher_lambda_entropy,False,True,16,0.3375,0.0,0.0,0.2,0.1,0.001,0.01,
ITG,Microglia,geFalse_attnTrue_pca16_highest_lambda_entropy,highest_lambda_entropy,False,True,16,0.2895833333333333,0.0,0.0,0.2,0.1,0.001,0.1,
ITG,Microglia,geFalse_attnTrue_pca16_dropout_wd,dropout_wd,False,True,16,0.08333333333333333,0.0,0.0,0.4,0.5,0.001,0.001,
ITG,Microglia,geFalse_attnTrue_pca16_dropout_lr,dropout_lr,False,True,16,0.23194444444444443,0.0,0.0,0.4,0.1,0.0005,0.001,
ITG,Microglia,geFalse_attnTrue_pca16_wd_lr,wd_lr,False,True,16,0.2125,0.0,0.0,0.2,0.5,0.0005,0.001,
ITG,Microglia,geFalse_attnTrue_pca16_all_moderate,all_moderate,False,True,16,0.13055555555555554,0.0,0.0,0.4,0.5,0.0005,0.01,
ITG,Microglia,geFalse_attnTrue_pca16_all_strong,all_strong,False,True,16,0.1875,0.0,0.0,0.5,1.0,0.0001,0.1,
ITG,Microglia,geFalse_attnFalse_pca2_baseline,baseline,False,False,2,0.33333333333333337,0.0,0.0,0.2,0.1,0.001,0.001,
ITG,Microglia,geFalse_attnFalse_pca2_higher_dropout,higher_dropout,False,False,2,0.3423611111111111,0.0,0.0,0.4,0.1,0.001,0.001,
ITG,Microglia,geFalse_attnFalse_pca2_highest_dropout,highest_dropout,False,False,2,0.18125,0.0,0.0,0.5,0.1,0.001,0.001,
ITG,Microglia,geFalse_attnFalse_pca2_higher_weight_decay,higher_weight_decay,False,False,2,0.26666666666666666,0.0,0.0,0.2,0.5,0.001,0.001,
ITG,Microglia,geFalse_attnFalse_pca2_highest_weight_decay,highest_weight_decay,False,False,2,0.2729166666666667,0.0,0.0,0.2,1.0,0.001,0.001,
ITG,Microglia,geFalse_attnFalse_pca2_lower_lr,lower_lr,False,False,2,0.20902777777777776,0.0,0.0,0.2,0.1,0.0005,0.001,
ITG,Microglia,geFalse_attnFalse_pca2_lowest_lr,lowest_lr,False,False,2,0.2645833333333333,0.0,0.0,0.2,0.1,0.0001,0.001,
ITG,Microglia,geFalse_attnFalse_pca2_higher_lambda_entropy,higher_lambda_entropy,False,False,2,0.17569444444444443,0.0,0.0,0.2,0.1,0.001,0.01,
ITG,Microglia,geFalse_attnFalse_pca2_highest_lambda_entropy,highest_lambda_entropy,False,False,2,0.33958333333333335,0.0,0.0,0.2,0.1,0.001,0.1,
ITG,Microglia,geFalse_attnFalse_pca2_dropout_wd,dropout_wd,False,False,2,0.23402777777777778,0.0,0.0,0.4,0.5,0.001,0.001,
ITG,Microglia,geFalse_attnFalse_pca2_dropout_lr,dropout_lr,False,False,2,0.34652777777777777,0.0,0.0,0.4,0.1,0.0005,0.001,
ITG,Microglia,geFalse_attnFalse_pca2_wd_lr,wd_lr,False,False,2,0.26666666666666666,0.0,0.0,0.2,0.5,0.0005,0.001,
ITG,Microglia,geFalse_attnFalse_pca2_all_moderate,all_moderate,False,False,2,0.23541666666666666,0.0,0.0,0.4,0.5,0.0005,0.01,
ITG,Microglia,geFalse_attnFalse_pca2_all_strong,all_strong,False,False,2,0.22777777777777775,0.0,0.0,0.5,1.0,0.0001,0.1,
ITG,Microglia,geFalse_attnFalse_pca4_baseline,baseline,False,False,4,0.2826388888888889,0.0,0.0,0.2,0.1,0.001,0.001,
ITG,Microglia,geFalse_attnFalse_pca4_higher_dropout,higher_dropout,False,False,4,0.3229166666666667,0.0,0.0,0.4,0.1,0.001,0.001,
ITG,Microglia,geFalse_attnFalse_pca4_highest_dropout,highest_dropout,False,False,4,0.30763888888888885,0.0,0.0,0.5,0.1,0.001,0.001,
ITG,Microglia,geFalse_attnFalse_pca4_higher_weight_decay,higher_weight_decay,False,False,4,0.24930555555555556,0.0,0.0,0.2,0.5,0.001,0.001,
ITG,Microglia,geFalse_attnFalse_pca4_highest_weight_decay,highest_weight_decay,False,False,4,0.3868055555555555,0.0,0.0,0.2,1.0,0.001,0.001,
ITG,Microglia,geFalse_attnFalse_pca4_lower_lr,lower_lr,False,False,4,0.29166666666666663,0.0,0.0,0.2,0.1,0.0005,0.001,
ITG,Microglia,geFalse_attnFalse_pca4_lowest_lr,lowest_lr,False,False,4,0.12916666666666665,0.0,0.0,0.2,0.1,0.0001,0.001,
ITG,Microglia,geFalse_attnFalse_pca4_higher_lambda_entropy,higher_lambda_entropy,False,False,4,0.29722222222222217,0.0,0.0,0.2,0.1,0.001,0.01,
ITG,Microglia,geFalse_attnFalse_pca4_highest_lambda_entropy,highest_lambda_entropy,False,False,4,0.2520833333333333,0.0,0.0,0.2,0.1,0.001,0.1,
ITG,Microglia,geFalse_attnFalse_pca4_dropout_wd,dropout_wd,False,False,4,0.25416666666666665,0.0,0.0,0.4,0.5,0.001,0.001,
ITG,Microglia,geFalse_attnFalse_pca4_dropout_lr,dropout_lr,False,False,4,0.25416666666666665,0.0,0.0,0.4,0.1,0.0005,0.001,
ITG,Microglia,geFalse_attnFalse_pca4_wd_lr,wd_lr,False,False,4,0.2298611111111111,0.0,0.0,0.2,0.5,0.0005,0.001,
ITG,Microglia,geFalse_attnFalse_pca4_all_moderate,all_moderate,False,False,4,0.27847222222222223,0.0,0.0,0.4,0.5,0.0005,0.01,
ITG,Microglia,geFalse_attnFalse_pca4_all_strong,all_strong,False,False,4,0.19583333333333333,0.0,0.0,0.5,1.0,0.0001,0.1,
ITG,Microglia,geFalse_attnFalse_pca8_baseline,baseline,False,False,8,0.2715277777777778,0.0,0.0,0.2,0.1,0.001,0.001,
ITG,Microglia,geFalse_attnFalse_pca8_higher_dropout,higher_dropout,False,False,8,0.25902777777777775,0.0,0.0,0.4,0.1,0.001,0.001,
ITG,Microglia,geFalse_attnFalse_pca8_highest_dropout,highest_dropout,False,False,8,0.2263888888888889,0.0,0.0,0.5,0.1,0.001,0.001,
ITG,Microglia,geFalse_attnFalse_pca8_higher_weight_decay,higher_weight_decay,False,False,8,0.3430555555555555,0.0,0.0,0.2,0.5,0.001,0.001,
ITG,Microglia,geFalse_attnFalse_pca8_highest_weight_decay,highest_weight_decay,False,False,8,0.29930555555555555,0.0,0.0,0.2,1.0,0.001,0.001,
ITG,Microglia,geFalse_attnFalse_pca8_lower_lr,lower_lr,False,False,8,0.32152777777777775,0.0,0.0,0.2,0.1,0.0005,0.001,
ITG,Microglia,geFalse_attnFalse_pca8_lowest_lr,lowest_lr,False,False,8,0.11458333333333331,0.0,0.0,0.2,0.1,0.0001,0.001,
ITG,Microglia,geFalse_attnFalse_pca8_higher_lambda_entropy,higher_lambda_entropy,False,False,8,0.24375,0.0,0.0,0.2,0.1,0.001,0.01,
ITG,Microglia,geFalse_attnFalse_pca8_highest_lambda_entropy,highest_lambda_entropy,False,False,8,0.2673611111111111,0.0,0.0,0.2,0.1,0.001,0.1,
ITG,Microglia,geFalse_attnFalse_pca8_dropout_wd,dropout_wd,False,False,8,0.2618055555555555,0.0,0.0,0.4,0.5,0.001,0.001,
ITG,Microglia,geFalse_attnFalse_pca8_dropout_lr,dropout_lr,False,False,8,0.3194444444444444,0.0,0.0,0.4,0.1,0.0005,0.001,
ITG,Microglia,geFalse_attnFalse_pca8_wd_lr,wd_lr,False,False,8,0.2409722222222222,0.0,0.0,0.2,0.5,0.0005,0.001,
ITG,Microglia,geFalse_attnFalse_pca8_all_moderate,all_moderate,False,False,8,0.1673611111111111,0.0,0.0,0.4,0.5,0.0005,0.01,
ITG,Microglia,geFalse_attnFalse_pca8_all_strong,all_strong,False,False,8,0.27708333333333335,0.0,0.0,0.5,1.0,0.0001,0.1,
ITG,Microglia,geFalse_attnFalse_pca16_baseline,baseline,False,False,16,0.37430555555555556,0.0,0.0,0.2,0.1,0.001,0.001,
ITG,Microglia,geFalse_attnFalse_pca16_higher_dropout,higher_dropout,False,False,16,0.24027777777777776,0.0,0.0,0.4,0.1,0.001,0.001,
ITG,Microglia,geFalse_attnFalse_pca16_highest_dropout,highest_dropout,False,False,16,0.2597222222222222,0.0,0.0,0.5,0.1,0.001,0.001,
ITG,Microglia,geFalse_attnFalse_pca16_higher_weight_decay,higher_weight_decay,False,False,16,0.2472222222222222,0.0,0.0,0.2,0.5,0.001,0.001,
ITG,Microglia,geFalse_attnFalse_pca16_highest_weight_decay,highest_weight_decay,False,False,16,0.26111111111111107,0.0,0.0,0.2,1.0,0.001,0.001,
ITG,Microglia,geFalse_attnFalse_pca16_lower_lr,lower_lr,False,False,16,0.18541666666666667,0.0,0.0,0.2,0.1,0.0005,0.001,
ITG,Microglia,geFalse_attnFalse_pca16_lowest_lr,lowest_lr,False,False,16,0.24236111111111108,0.0,0.0,0.2,0.1,0.0001,0.001,
ITG,Microglia,geFalse_attnFalse_pca16_higher_lambda_entropy,higher_lambda_entropy,False,False,16,0.31527777777777777,0.0,0.0,0.2,0.1,0.001,0.01,
ITG,Microglia,geFalse_attnFalse_pca16_highest_lambda_entropy,highest_lambda_entropy,False,False,16,0.24930555555555556,0.0,0.0,0.2,0.1,0.001,0.1,
ITG,Microglia,geFalse_attnFalse_pca16_dropout_wd,dropout_wd,False,False,16,0.2875,0.0,0.0,0.4,0.5,0.001,0.001,
ITG,Microglia,geFalse_attnFalse_pca16_dropout_lr,dropout_lr,False,False,16,0.28541666666666665,0.0,0.0,0.4,0.1,0.0005,0.001,
ITG,Microglia,geFalse_attnFalse_pca16_wd_lr,wd_lr,False,False,16,0.3729166666666667,0.0,0.0,0.2,0.5,0.0005,0.001,
ITG,Microglia,geFalse_attnFalse_pca16_all_moderate,all_moderate,False,False,16,0.24930555555555556,0.0,0.0,0.4,0.5,0.0005,0.01,
ITG,Microglia,geFalse_attnFalse_pca16_all_strong,all_strong,False,False,16,0.16944444444444445,0.0,0.0,0.5,1.0,0.0001,0.1,
