run,experiment,attention,pca_components,dropout,weight_decay,lr,lambda_entropy,avg_f1,avg_mse,avg_mae,error
baseline_attnTrue_pca2,baseline,True,2,0.2,0.1,0.001,0.001,0.30624999999999997,0.0,0.0,
baseline_attnTrue_pca4,baseline,True,4,0.2,0.1,0.001,0.001,0.31875,0.0,0.0,
baseline_attnTrue_pca8,baseline,True,8,0.2,0.1,0.001,0.001,0.4048611111111111,0.0,0.0,
baseline_attnTrue_pcaNone,baseline,True,,0.2,0.1,0.001,0.001,0.5979166666666667,0.0,0.0,
baseline_attnFalse_pca2,baseline,False,2,0.2,0.1,0.001,0.001,0.2798611111111111,0.0,0.0,
baseline_attnFalse_pca4,baseline,False,4,0.2,0.1,0.001,0.001,0.40208333333333335,0.0,0.0,
baseline_attnFalse_pca8,baseline,False,8,0.2,0.1,0.001,0.001,0.39236111111111105,0.0,0.0,
baseline_attnFalse_pcaNone,baseline,False,,0.2,0.1,0.001,0.001,0.4236111111111111,0.0,0.0,
higher_dropout_attnTrue_pca2,higher_dropout,True,2,0.4,0.1,0.001,0.001,0.5458333333333333,0.0,0.0,
higher_dropout_attnTrue_pca4,higher_dropout,True,4,0.4,0.1,0.001,0.001,0.3333333333333333,0.0,0.0,
higher_dropout_attnTrue_pca8,higher_dropout,True,8,0.4,0.1,0.001,0.001,0.26249999999999996,0.0,0.0,
higher_dropout_attnTrue_pcaNone,higher_dropout,True,,0.4,0.1,0.001,0.001,0.6097222222222223,0.0,0.0,
higher_dropout_attnFalse_pca2,higher_dropout,False,2,0.4,0.1,0.001,0.001,0.2138888888888889,0.0,0.0,
higher_dropout_attnFalse_pca4,higher_dropout,False,4,0.4,0.1,0.001,0.001,0.2958333333333333,0.0,0.0,
higher_dropout_attnFalse_pca8,higher_dropout,False,8,0.4,0.1,0.001,0.001,0.29722222222222217,0.0,0.0,
higher_dropout_attnFalse_pcaNone,higher_dropout,False,,0.4,0.1,0.001,0.001,0.5027777777777778,0.0,0.0,
highest_dropout_attnTrue_pca2,highest_dropout,True,2,0.5,0.1,0.001,0.001,0.37569444444444444,0.0,0.0,
highest_dropout_attnTrue_pca4,highest_dropout,True,4,0.5,0.1,0.001,0.001,0.30624999999999997,0.0,0.0,
highest_dropout_attnTrue_pca8,highest_dropout,True,8,0.5,0.1,0.001,0.001,0.31319444444444444,0.0,0.0,
highest_dropout_attnTrue_pcaNone,highest_dropout,True,,0.5,0.1,0.001,0.001,0.5423611111111111,0.0,0.0,
highest_dropout_attnFalse_pca2,highest_dropout,False,2,0.5,0.1,0.001,0.001,0.3972222222222222,0.0,0.0,
highest_dropout_attnFalse_pca4,highest_dropout,False,4,0.5,0.1,0.001,0.001,0.4409722222222222,0.0,0.0,
highest_dropout_attnFalse_pca8,highest_dropout,False,8,0.5,0.1,0.001,0.001,0.3243055555555555,0.0,0.0,
highest_dropout_attnFalse_pcaNone,highest_dropout,False,,0.5,0.1,0.001,0.001,0.517361111111111,0.0,0.0,
higher_weight_decay_attnTrue_pca2,higher_weight_decay,True,2,0.2,0.5,0.001,0.001,0.4125,0.0,0.0,
higher_weight_decay_attnTrue_pca4,higher_weight_decay,True,4,0.2,0.5,0.001,0.001,0.26944444444444443,0.0,0.0,
higher_weight_decay_attnTrue_pca8,higher_weight_decay,True,8,0.2,0.5,0.001,0.001,0.2930555555555555,0.0,0.0,
higher_weight_decay_attnTrue_pcaNone,higher_weight_decay,True,,0.2,0.5,0.001,0.001,0.35624999999999996,0.0,0.0,
higher_weight_decay_attnFalse_pca2,higher_weight_decay,False,2,0.2,0.5,0.001,0.001,0.3006944444444445,0.0,0.0,
higher_weight_decay_attnFalse_pca4,higher_weight_decay,False,4,0.2,0.5,0.001,0.001,0.3722222222222222,0.0,0.0,
higher_weight_decay_attnFalse_pca8,higher_weight_decay,False,8,0.2,0.5,0.001,0.001,0.27847222222222223,0.0,0.0,
higher_weight_decay_attnFalse_pcaNone,higher_weight_decay,False,,0.2,0.5,0.001,0.001,0.4333333333333333,0.0,0.0,
highest_weight_decay_attnTrue_pca2,highest_weight_decay,True,2,0.2,1.0,0.001,0.001,0.23124999999999998,0.0,0.0,
highest_weight_decay_attnTrue_pca4,highest_weight_decay,True,4,0.2,1.0,0.001,0.001,0.3104166666666667,0.0,0.0,
highest_weight_decay_attnTrue_pca8,highest_weight_decay,True,8,0.2,1.0,0.001,0.001,0.3027777777777778,0.0,0.0,
highest_weight_decay_attnTrue_pcaNone,highest_weight_decay,True,,0.2,1.0,0.001,0.001,0.2965277777777777,0.0,0.0,
highest_weight_decay_attnFalse_pca2,highest_weight_decay,False,2,0.2,1.0,0.001,0.001,0.34791666666666665,0.0,0.0,
highest_weight_decay_attnFalse_pca4,highest_weight_decay,False,4,0.2,1.0,0.001,0.001,0.3125,0.0,0.0,
highest_weight_decay_attnFalse_pca8,highest_weight_decay,False,8,0.2,1.0,0.001,0.001,0.2597222222222222,0.0,0.0,
highest_weight_decay_attnFalse_pcaNone,highest_weight_decay,False,,0.2,1.0,0.001,0.001,0.33055555555555555,0.0,0.0,
lower_lr_attnTrue_pca2,lower_lr,True,2,0.2,0.1,0.0005,0.001,0.28402777777777777,0.0,0.0,
lower_lr_attnTrue_pca4,lower_lr,True,4,0.2,0.1,0.0005,0.001,0.31666666666666665,0.0,0.0,
lower_lr_attnTrue_pca8,lower_lr,True,8,0.2,0.1,0.0005,0.001,0.2520833333333333,0.0,0.0,
lower_lr_attnTrue_pcaNone,lower_lr,True,,0.2,0.1,0.0005,0.001,0.5020833333333333,0.0,0.0,
lower_lr_attnFalse_pca2,lower_lr,False,2,0.2,0.1,0.0005,0.001,0.30972222222222223,0.0,0.0,
lower_lr_attnFalse_pca4,lower_lr,False,4,0.2,0.1,0.0005,0.001,0.41041666666666665,0.0,0.0,
lower_lr_attnFalse_pca8,lower_lr,False,8,0.2,0.1,0.0005,0.001,0.49652777777777773,0.0,0.0,
lower_lr_attnFalse_pcaNone,lower_lr,False,,0.2,0.1,0.0005,0.001,0.41875,0.0,0.0,
lowest_lr_attnTrue_pca2,lowest_lr,True,2,0.2,0.1,0.0001,0.001,0.36111111111111105,0.0,0.0,
lowest_lr_attnTrue_pca4,lowest_lr,True,4,0.2,0.1,0.0001,0.001,0.23819444444444443,0.0,0.0,
lowest_lr_attnTrue_pca8,lowest_lr,True,8,0.2,0.1,0.0001,0.001,0.25625,0.0,0.0,
lowest_lr_attnTrue_pcaNone,lowest_lr,True,,0.2,0.1,0.0001,0.001,0.3416666666666667,0.0,0.0,
lowest_lr_attnFalse_pca2,lowest_lr,False,2,0.2,0.1,0.0001,0.001,0.24791666666666665,0.0,0.0,
lowest_lr_attnFalse_pca4,lowest_lr,False,4,0.2,0.1,0.0001,0.001,0.16180555555555554,0.0,0.0,
lowest_lr_attnFalse_pca8,lowest_lr,False,8,0.2,0.1,0.0001,0.001,0.19513888888888886,0.0,0.0,
lowest_lr_attnFalse_pcaNone,lowest_lr,False,,0.2,0.1,0.0001,0.001,0.32152777777777775,0.0,0.0,
higher_lambda_entropy_attnTrue_pca2,higher_lambda_entropy,True,2,0.2,0.1,0.001,0.01,0.34791666666666665,0.0,0.0,
higher_lambda_entropy_attnTrue_pca4,higher_lambda_entropy,True,4,0.2,0.1,0.001,0.01,0.44027777777777777,0.0,0.0,
higher_lambda_entropy_attnTrue_pca8,higher_lambda_entropy,True,8,0.2,0.1,0.001,0.01,0.34652777777777777,0.0,0.0,
higher_lambda_entropy_attnTrue_pcaNone,higher_lambda_entropy,True,,0.2,0.1,0.001,0.01,0.6187499999999999,0.0,0.0,
higher_lambda_entropy_attnFalse_pca2,higher_lambda_entropy,False,2,0.2,0.1,0.001,0.01,0.39305555555555555,0.0,0.0,
higher_lambda_entropy_attnFalse_pca4,higher_lambda_entropy,False,4,0.2,0.1,0.001,0.01,0.3833333333333333,0.0,0.0,
higher_lambda_entropy_attnFalse_pca8,higher_lambda_entropy,False,8,0.2,0.1,0.001,0.01,0.3111111111111111,0.0,0.0,
higher_lambda_entropy_attnFalse_pcaNone,higher_lambda_entropy,False,,0.2,0.1,0.001,0.01,0.5923611111111111,0.0,0.0,
highest_lambda_entropy_attnTrue_pca2,highest_lambda_entropy,True,2,0.2,0.1,0.001,0.1,0.35624999999999996,0.0,0.0,
highest_lambda_entropy_attnTrue_pca4,highest_lambda_entropy,True,4,0.2,0.1,0.001,0.1,0.4576388888888889,0.0,0.0,
highest_lambda_entropy_attnTrue_pca8,highest_lambda_entropy,True,8,0.2,0.1,0.001,0.1,0.5986111111111111,0.0,0.0,
highest_lambda_entropy_attnTrue_pcaNone,highest_lambda_entropy,True,,0.2,0.1,0.001,0.1,0.5645833333333332,0.0,0.0,
highest_lambda_entropy_attnFalse_pca2,highest_lambda_entropy,False,2,0.2,0.1,0.001,0.1,0.34791666666666665,0.0,0.0,
highest_lambda_entropy_attnFalse_pca4,highest_lambda_entropy,False,4,0.2,0.1,0.001,0.1,0.3993055555555555,0.0,0.0,
highest_lambda_entropy_attnFalse_pca8,highest_lambda_entropy,False,8,0.2,0.1,0.001,0.1,0.5034722222222222,0.0,0.0,
highest_lambda_entropy_attnFalse_pcaNone,highest_lambda_entropy,False,,0.2,0.1,0.001,0.1,0.6076388888888888,0.0,0.0,
dropout_wd_attnTrue_pca2,dropout_wd,True,2,0.4,0.5,0.001,0.001,0.24791666666666662,0.0,0.0,
dropout_wd_attnTrue_pca4,dropout_wd,True,4,0.4,0.5,0.001,0.001,0.31319444444444444,0.0,0.0,
dropout_wd_attnTrue_pca8,dropout_wd,True,8,0.4,0.5,0.001,0.001,0.3902777777777778,0.0,0.0,
dropout_wd_attnTrue_pcaNone,dropout_wd,True,,0.4,0.5,0.001,0.001,0.25555555555555554,0.0,0.0,
dropout_wd_attnFalse_pca2,dropout_wd,False,2,0.4,0.5,0.001,0.001,0.23263888888888887,0.0,0.0,
dropout_wd_attnFalse_pca4,dropout_wd,False,4,0.4,0.5,0.001,0.001,0.34930555555555554,0.0,0.0,
dropout_wd_attnFalse_pca8,dropout_wd,False,8,0.4,0.5,0.001,0.001,0.24027777777777776,0.0,0.0,
dropout_wd_attnFalse_pcaNone,dropout_wd,False,,0.4,0.5,0.001,0.001,0.41180555555555554,0.0,0.0,
dropout_lr_attnTrue_pca2,dropout_lr,True,2,0.4,0.1,0.0005,0.001,0.18958333333333333,0.0,0.0,
dropout_lr_attnTrue_pca4,dropout_lr,True,4,0.4,0.1,0.0005,0.001,0.27569444444444446,0.0,0.0,
dropout_lr_attnTrue_pca8,dropout_lr,True,8,0.4,0.1,0.0005,0.001,0.28888888888888886,0.0,0.0,
dropout_lr_attnTrue_pcaNone,dropout_lr,True,,0.4,0.1,0.0005,0.001,0.60625,0.0,0.0,
dropout_lr_attnFalse_pca2,dropout_lr,False,2,0.4,0.1,0.0005,0.001,0.41736111111111107,0.0,0.0,
dropout_lr_attnFalse_pca4,dropout_lr,False,4,0.4,0.1,0.0005,0.001,0.31666666666666665,0.0,0.0,
dropout_lr_attnFalse_pca8,dropout_lr,False,8,0.4,0.1,0.0005,0.001,0.20138888888888884,0.0,0.0,
dropout_lr_attnFalse_pcaNone,dropout_lr,False,,0.4,0.1,0.0005,0.001,0.4965277777777778,0.0,0.0,
wd_lr_attnTrue_pca2,wd_lr,True,2,0.2,0.5,0.0005,0.001,0.2020833333333333,0.0,0.0,
wd_lr_attnTrue_pca4,wd_lr,True,4,0.2,0.5,0.0005,0.001,0.22777777777777775,0.0,0.0,
wd_lr_attnTrue_pca8,wd_lr,True,8,0.2,0.5,0.0005,0.001,0.26319444444444445,0.0,0.0,
wd_lr_attnTrue_pcaNone,wd_lr,True,,0.2,0.5,0.0005,0.001,0.2131944444444444,0.0,0.0,
wd_lr_attnFalse_pca2,wd_lr,False,2,0.2,0.5,0.0005,0.001,0.31527777777777777,0.0,0.0,
wd_lr_attnFalse_pca4,wd_lr,False,4,0.2,0.5,0.0005,0.001,0.35833333333333334,0.0,0.0,
wd_lr_attnFalse_pca8,wd_lr,False,8,0.2,0.5,0.0005,0.001,0.21875,0.0,0.0,
wd_lr_attnFalse_pcaNone,wd_lr,False,,0.2,0.5,0.0005,0.001,0.29513888888888884,0.0,0.0,
all_moderate_attnTrue_pca2,all_moderate,True,2,0.4,0.5,0.0005,0.01,0.2791666666666667,0.0,0.0,
all_moderate_attnTrue_pca4,all_moderate,True,4,0.4,0.5,0.0005,0.01,0.32569444444444445,0.0,0.0,
all_moderate_attnTrue_pca8,all_moderate,True,8,0.4,0.5,0.0005,0.01,0.26249999999999996,0.0,0.0,
all_moderate_attnTrue_pcaNone,all_moderate,True,,0.4,0.5,0.0005,0.01,0.2159722222222222,0.0,0.0,
all_moderate_attnFalse_pca2,all_moderate,False,2,0.4,0.5,0.0005,0.01,0.2159722222222222,0.0,0.0,
all_moderate_attnFalse_pca4,all_moderate,False,4,0.4,0.5,0.0005,0.01,0.25625,0.0,0.0,
all_moderate_attnFalse_pca8,all_moderate,False,8,0.4,0.5,0.0005,0.01,0.20416666666666666,0.0,0.0,
all_moderate_attnFalse_pcaNone,all_moderate,False,,0.4,0.5,0.0005,0.01,0.4576388888888889,0.0,0.0,
all_strong_attnTrue_pca2,all_strong,True,2,0.5,1.0,0.0001,0.1,0.17083333333333334,0.0,0.0,
all_strong_attnTrue_pca4,all_strong,True,4,0.5,1.0,0.0001,0.1,0.15833333333333333,0.0,0.0,
all_strong_attnTrue_pca8,all_strong,True,8,0.5,1.0,0.0001,0.1,0.19166666666666665,0.0,0.0,
all_strong_attnTrue_pcaNone,all_strong,True,,0.5,1.0,0.0001,0.1,0.14166666666666666,0.0,0.0,
all_strong_attnFalse_pca2,all_strong,False,2,0.5,1.0,0.0001,0.1,0.24930555555555556,0.0,0.0,
all_strong_attnFalse_pca4,all_strong,False,4,0.5,1.0,0.0001,0.1,0.22916666666666669,0.0,0.0,
all_strong_attnFalse_pca8,all_strong,False,8,0.5,1.0,0.0001,0.1,0.24513888888888885,0.0,0.0,
all_strong_attnFalse_pcaNone,all_strong,False,,0.5,1.0,0.0001,0.1,0.13958333333333334,0.0,0.0,
